0.000000 0.000000 0.000000 1.000000 1.000000 0.000000 1.000000 -1.000000;
0.002000 0.000000 0.000000 1.000000 1.000000 0.012566 0.999921 -1.000000;
0.004000 0.000000 0.000000 1.000000 1.000000 0.025130 0.999684 -1.000000;
0.006000 0.000000 0.000000 1.000000 1.000000 0.037690 0.999289 -1.000000;
0.008000 0.000000 0.000000 1.000000 1.000000 0.050244 0.998737 -1.000000;
0.010000 0.000000 0.000000 1.000000 1.000000 0.062791 0.998027 -1.000000;
0.012000 0.000000 0.000000 1.000000 1.000000 0.075327 0.997159 -1.000000;
0.014000 0.000000 0.000000 1.000000 1.000000 0.087851 0.996134 -1.000000;
0.016000 0.000000 0.000000 1.000000 1.000000 0.100362 0.994951 -1.000000;
0.018000 0.000000 0.000000 1.000000 1.000000 0.112856 0.993611 -1.000000;
0.020000 0.000000 0.000000 1.000000 1.000000 0.125333 0.992115 -1.000000;
0.022000 0.000000 0.000000 1.000000 1.000000 0.137790 0.990461 -1.000000;
0.024000 0.000000 0.000000 1.000000 1.000000 0.150226 0.988652 -1.000000;
0.026000 0.000000 0.000000 1.000000 1.000000 0.162637 0.986686 -1.000000;
0.028000 0.000000 0.000000 1.000000 1.000000 0.175023 0.984564 -1.000000;
0.030000 0.000000 0.000000 1.000000 1.000000 0.187381 0.982287 -1.000000;
0.032000 0.000000 0.000000 1.000000 1.000000 0.199710 0.979855 -1.000000;
0.034000 0.000000 0.000000 1.000000 1.000000 0.212007 0.977268 -1.000000;
0.036000 0.000000 0.000000 1.000000 1.000000 0.224271 0.974527 -1.000000;
0.038000 0.000000 0.000000 1.000000 1.000000 0.236499 0.971632 -1.000000;
0.040000 0.000000 0.000000 1.000000 1.000000 0.248690 0.968583 -1.000000;
0.042000 0.000000 0.000000 1.000000 1.000000 0.260842 0.965382 -1.000000;
0.044000 0.000000 0.000000 1.000000 1.000000 0.272952 0.962028 -1.000000;
0.046000 0.000000 0.000000 1.000000 1.000000 0.285019 0.958522 -1.000000;
0.048000 0.000000 0.000000 1.000000 1.000000 0.297042 0.954865 -1.000000;
0.050000 0.000000 0.000000 1.000000 1.000000 0.309017 0.951057 -1.000000;
0.052000 0.000000 0.000000 1.000000 1.000000 0.320944 0.947098 -1.000000;
0.054000 0.000000 0.000000 1.000000 1.000000 0.332820 0.942991 -1.000000;
0.056000 0.000000 0.000000 1.000000 1.000000 0.344643 0.938734 -1.000000;
0.058000 0.000000 0.000000 1.000000 1.000000 0.356412 0.934329 -1.000000;
0.060000 0.000000 0.000000 1.000000 1.000000 0.368125 0.929776 -1.000000;
0.062000 0.000000 0.000000 1.000000 1.000000 0.379779 0.925077 -1.000000;
0.064000 0.000000 0.000000 1.000000 1.000000 0.391374 0.920232 -1.000000;
0.066000 0.000000 0.000000 1.000000 1.000000 0.402906 0.915241 -1.000000;
0.068000 0.000000 0.000000 1.000000 1.000000 0.414376 0.910106 -1.000000;
0.070000 0.000000 0.000000 1.000000 1.000000 0.425779 0.904827 -1.000000;
0.072000 0.000000 0.000000 1.000000 1.000000 0.437116 0.899405 -1.000000;
0.074000 0.000000 0.000000 1.000000 1.000000 0.448383 0.893841 -1.000000;
0.076000 0.000000 0.000000 1.000000 1.000000 0.459580 0.888136 -1.000000;
0.078000 0.000000 0.000000 1.000000 1.000000 0.470704 0.882291 -1.000000;
0.080000 0.000000 0.000000 1.000000 1.000000 0.481754 0.876307 -1.000000;
0.082000 0.000000 0.000000 1.000000 1.000000 0.492727 0.870184 -1.000000;
0.084000 0.000000 0.000000 1.000000 1.000000 0.503623 0.863923 -1.000000;
0.086000 0.000000 0.000000 1.000000 1.000000 0.514440 0.857527 -1.000000;
0.088000 0.000000 0.000000 1.000000 1.000000 0.525175 0.850994 -1.000000;
0.090000 0.000000 0.000000 1.000000 1.000000 0.535827 0.844328 -1.000000;
0.092000 0.000000 0.000000 1.000000 1.000000 0.546394 0.837528 -1.000000;
0.094000 0.000000 0.000000 1.000000 1.000000 0.556876 0.830596 -1.000000;
0.096000 0.000000 0.000000 1.000000 1.000000 0.567269 0.823533 -1.000000;
0.098000 0.000000 0.000000 1.000000 1.000000 0.577573 0.816339 -1.000000;
0.100000 0.000000 0.000000 1.000000 1.000000 0.587785 0.809017 -1.000000;
0.102000 0.000000 0.000000 1.000000 1.000000 0.597905 0.801567 -1.000000;
0.104000 0.000000 0.000000 1.000000 1.000000 0.607930 0.793990 -1.000000;
0.106000 0.000000 0.000000 1.000000 1.000000 0.617860 0.786288 -1.000000;
0.108000 0.000000 0.000000 1.000000 1.000000 0.627691 0.778462 -1.000000;
0.110000 0.000000 0.000000 1.000000 1.000000 0.637424 0.770513 -1.000000;
0.112000 0.000000 0.000000 1.000000 1.000000 0.647056 0.762443 -1.000000;
0.114000 0.000000 0.000000 1.000000 1.000000 0.656586 0.754251 -1.000000;
0.116000 0.000000 0.000000 1.000000 1.000000 0.666012 0.745941 -1.000000;
0.118000 0.000000 0.000000 1.000000 1.000000 0.675333 0.737513 -1.000000;
0.120000 0.000000 0.000000 1.000000 1.000000 0.684547 0.728969 -1.000000;
0.122000 0.000000 0.000000 1.000000 1.000000 0.693653 0.720309 -1.000000;
0.124000 0.000000 0.000000 1.000000 1.000000 0.702650 0.711536 -1.000000;
0.126000 0.000000 0.000000 1.000000 1.000000 0.711536 0.702650 -1.000000;
0.128000 0.000000 0.000000 1.000000 1.000000 0.720309 0.693653 -1.000000;
0.130000 0.000000 0.000000 1.000000 1.000000 0.728969 0.684547 -1.000000;
0.132000 0.000000 0.000000 1.000000 1.000000 0.737513 0.675333 -1.000000;
0.134000 0.000000 0.000000 1.000000 1.000000 0.745941 0.666012 -1.000000;
0.136000 0.000000 0.000000 1.000000 1.000000 0.754251 0.656586 -1.000000;
0.138000 0.000000 0.000000 1.000000 1.000000 0.762443 0.647056 -1.000000;
0.140000 0.000000 0.000000 1.000000 1.000000 0.770513 0.637424 -1.000000;
0.142000 0.000000 0.000000 1.000000 1.000000 0.778462 0.627691 -1.000000;
0.144000 0.000000 0.000000 1.000000 1.000000 0.786288 0.617860 -1.000000;
0.146000 0.000000 0.000000 1.000000 1.000000 0.793990 0.607930 -1.000000;
0.148000 0.000000 0.000000 1.000000 1.000000 0.801567 0.597905 -1.000000;
0.150000 0.000000 0.000000 1.000000 1.000000 0.809017 0.587785 -1.000000;
0.152000 0.000000 0.000000 1.000000 1.000000 0.816339 0.577573 -1.000000;
0.154000 0.000000 0.000000 1.000000 1.000000 0.823533 0.567269 -1.000000;
0.156000 0.000000 0.000000 1.000000 1.000000 0.830596 0.556876 -1.000000;
0.158000 0.000000 0.000000 1.000000 1.000000 0.837528 0.546394 -1.000000;
0.160000 0.000000 0.000000 1.000000 1.000000 0.844328 0.535827 -1.000000;
0.162000 0.000000 0.000000 1.000000 1.000000 0.850994 0.525175 -1.000000;
0.164000 0.000000 0.000000 1.000000 1.000000 0.857527 0.514440 -1.000000;
0.166000 0.000000 0.000000 1.000000 1.000000 0.863923 0.503623 -1.000000;
0.168000 0.000000 0.000000 1.000000 1.000000 0.870184 0.492727 -1.000000;
0.170000 0.000000 0.000000 1.000000 1.000000 0.876307 0.481754 -1.000000;
0.172000 0.000000 0.000000 1.000000 1.000000 0.882291 0.470704 -1.000000;
0.174000 0.000000 0.000000 1.000000 1.000000 0.888136 0.459580 -1.000000;
0.176000 0.000000 0.000000 1.000000 1.000000 0.893841 0.448383 -1.000000;
0.178000 0.000000 0.000000 1.000000 1.000000 0.899405 0.437116 -1.000000;
0.180000 0.000000 0.000000 1.000000 1.000000 0.904827 0.425779 -1.000000;
0.182000 0.000000 0.000000 1.000000 1.000000 0.910106 0.414376 -1.000000;
0.184000 0.000000 0.000000 1.000000 1.000000 0.915241 0.402906 -1.000000;
0.186000 0.000000 0.000000 1.000000 1.000000 0.920232 0.391374 -1.000000;
0.188000 0.000000 0.000000 1.000000 1.000000 0.925077 0.379779 -1.000000;
0.190000 0.000000 0.000000 1.000000 1.000000 0.929776 0.368125 -1.000000;
0.192000 0.000000 0.000000 1.000000 1.000000 0.934329 0.356412 -1.000000;
0.194000 0.000000 0.000000 1.000000 1.000000 0.938734 0.344643 -1.000000;
0.196000 0.000000 0.000000 1.000000 1.000000 0.942991 0.332820 -1.000000;
0.198000 0.000000 0.000000 1.000000 1.000000 0.947098 0.320944 -1.000000;
0.200000 0.000000 0.000000 1.000000 1.000000 0.951057 0.309017 -1.000000;
0.202000 0.000000 0.000000 1.000000 1.000000 0.954865 0.297042 -1.000000;
0.204000 0.000000 0.000000 1.000000 1.000000 0.958522 0.285019 -1.000000;
0.206000 0.000000 0.000000 1.000000 1.000000 0.962028 0.272952 -1.000000;
0.208000 0.000000 0.000000 1.000000 1.000000 0.965382 0.260842 -1.000000;
0.210000 0.000000 0.000000 1.000000 1.000000 0.968583 0.248690 -1.000000;
0.212000 0.000000 0.000000 1.000000 1.000000 0.971632 0.236499 -1.000000;
0.214000 0.000000 0.000000 1.000000 1.000000 0.974527 0.224271 -1.000000;
0.216000 0.000000 0.000000 1.000000 1.000000 0.977268 0.212007 -1.000000;
0.218000 0.000000 0.000000 1.000000 1.000000 0.979855 0.199710 -1.000000;
0.220000 0.000000 0.000000 1.000000 1.000000 0.982287 0.187381 -1.000000;
0.222000 0.000000 0.000000 1.000000 1.000000 0.984564 0.175023 -1.000000;
0.224000 0.000000 0.000000 1.000000 1.000000 0.986686 0.162637 -1.000000;
0.226000 0.000000 0.000000 1.000000 1.000000 0.988652 0.150226 -1.000000;
0.228000 0.000000 0.000000 1.000000 1.000000 0.990461 0.137790 -1.000000;
0.230000 0.000000 0.000000 1.000000 1.000000 0.992115 0.125333 -1.000000;
0.232000 0.000000 0.000000 1.000000 1.000000 0.993611 0.112856 -1.000000;
0.234000 0.000000 0.000000 1.000000 1.000000 0.994951 0.100362 -1.000000;
0.236000 0.000000 0.000000 1.000000 1.000000 0.996134 0.087851 -1.000000;
0.238000 0.000000 0.000000 1.000000 1.000000 0.997159 0.075327 -1.000000;
0.240000 0.000000 0.000000 1.000000 1.000000 0.998027 0.062791 -1.000000;
0.242000 0.000000 0.000000 1.000000 1.000000 0.998737 0.050244 -1.000000;
0.244000 0.000000 0.000000 1.000000 1.000000 0.999289 0.037690 -1.000000;
0.246000 0.000000 0.000000 1.000000 1.000000 0.999684 0.025130 -1.000000;
0.248000 0.000000 0.000000 1.000000 1.000000 0.999921 0.012566 -1.000000;
0.250000 0.000000 0.000000 1.000000 1.000000 1.000000 0.000000 -1.000000;
0.252000 0.000000 0.000000 1.000000 1.000000 0.999921 -0.012566 -1.000000;
0.254000 0.000000 0.000000 1.000000 1.000000 0.999684 -0.025130 -1.000000;
0.256000 0.000000 0.000000 1.000000 1.000000 0.999289 -0.037690 -1.000000;
0.258000 0.000000 0.000000 1.000000 1.000000 0.998737 -0.050244 -1.000000;
0.260000 0.000000 0.000000 1.000000 1.000000 0.998027 -0.062791 -1.000000;
0.262000 0.000000 0.000000 1.000000 1.000000 0.997159 -0.075327 -1.000000;
0.264000 0.000000 0.000000 1.000000 1.000000 0.996134 -0.087851 -1.000000;
0.266000 0.000000 0.000000 1.000000 1.000000 0.994951 -0.100362 -1.000000;
0.268000 0.000000 0.000000 1.000000 1.000000 0.993611 -0.112856 -1.000000;
0.270000 0.000000 0.000000 1.000000 1.000000 0.992115 -0.125333 -1.000000;
0.272000 0.000000 0.000000 1.000000 1.000000 0.990461 -0.137790 -1.000000;
0.274000 0.000000 0.000000 1.000000 1.000000 0.988652 -0.150226 -1.000000;
0.276000 0.000000 0.000000 1.000000 1.000000 0.986686 -0.162637 -1.000000;
0.278000 0.000000 0.000000 1.000000 1.000000 0.984564 -0.175023 -1.000000;
0.280000 0.000000 0.000000 1.000000 1.000000 0.982287 -0.187381 -1.000000;
0.282000 0.000000 0.000000 1.000000 1.000000 0.979855 -0.199710 -1.000000;
0.284000 0.000000 0.000000 1.000000 1.000000 0.977268 -0.212007 -1.000000;
0.286000 0.000000 0.000000 1.000000 1.000000 0.974527 -0.224271 -1.000000;
0.288000 0.000000 0.000000 1.000000 1.000000 0.971632 -0.236499 -1.000000;
0.290000 0.000000 0.000000 1.000000 1.000000 0.968583 -0.248690 -1.000000;
0.292000 0.000000 0.000000 1.000000 1.000000 0.965382 -0.260842 -1.000000;
0.294000 0.000000 0.000000 1.000000 1.000000 0.962028 -0.272952 -1.000000;
0.296000 0.000000 0.000000 1.000000 1.000000 0.958522 -0.285019 -1.000000;
0.298000 0.000000 0.000000 1.000000 1.000000 0.954865 -0.297042 -1.000000;
0.300000 0.000000 0.000000 1.000000 1.000000 0.951057 -0.309017 -1.000000;
0.302000 0.000000 0.000000 1.000000 1.000000 0.947098 -0.320944 -1.000000;
0.304000 0.000000 0.000000 1.000000 1.000000 0.942991 -0.332820 -1.000000;
0.306000 0.000000 0.000000 1.000000 1.000000 0.938734 -0.344643 -1.000000;
0.308000 0.000000 0.000000 1.000000 1.000000 0.934329 -0.356412 -1.000000;
0.310000 0.000000 0.000000 1.000000 1.000000 0.929776 -0.368125 -1.000000;
0.312000 0.000000 0.000000 1.000000 1.000000 0.925077 -0.379779 -1.000000;
0.314000 0.000000 0.000000 1.000000 1.000000 0.920232 -0.391374 -1.000000;
0.316000 0.000000 0.000000 1.000000 1.000000 0.915241 -0.402906 -1.000000;
0.318000 0.000000 0.000000 1.000000 1.000000 0.910106 -0.414376 -1.000000;
0.320000 0.000000 0.000000 1.000000 1.000000 0.904827 -0.425779 -1.000000;
0.322000 0.000000 0.000000 1.000000 1.000000 0.899405 -0.437116 -1.000000;
0.324000 0.000000 0.000000 1.000000 1.000000 0.893841 -0.448383 -1.000000;
0.326000 0.000000 0.000000 1.000000 1.000000 0.888136 -0.459580 -1.000000;
0.328000 0.000000 0.000000 1.000000 1.000000 0.882291 -0.470704 -1.000000;
0.330000 0.000000 0.000000 1.000000 1.000000 0.876307 -0.481754 -1.000000;
0.332000 0.000000 0.000000 1.000000 1.000000 0.870184 -0.492727 -1.000000;
0.334000 0.000000 0.000000 1.000000 1.000000 0.863923 -0.503623 -1.000000;
0.336000 0.000000 0.000000 1.000000 1.000000 0.857527 -0.514440 -1.000000;
0.338000 0.000000 0.000000 1.000000 1.000000 0.850994 -0.525175 -1.000000;
0.340000 0.000000 0.000000 1.000000 1.000000 0.844328 -0.535827 -1.000000;
0.342000 0.000000 0.000000 1.000000 1.000000 0.837528 -0.546394 -1.000000;
0.344000 0.000000 0.000000 1.000000 1.000000 0.830596 -0.556876 -1.000000;
0.346000 0.000000 0.000000 1.000000 1.000000 0.823533 -0.567269 -1.000000;
0.348000 0.000000 0.000000 1.000000 1.000000 0.816339 -0.577573 -1.000000;
0.350000 0.000000 0.000000 1.000000 1.000000 0.809017 -0.587785 -1.000000;
0.352000 0.000000 0.000000 1.000000 1.000000 0.801567 -0.597905 -1.000000;
0.354000 0.000000 0.000000 1.000000 1.000000 0.793990 -0.607930 -1.000000;
0.356000 0.000000 0.000000 1.000000 1.000000 0.786288 -0.617860 -1.000000;
0.358000 0.000000 0.000000 1.000000 1.000000 0.778462 -0.627691 -1.000000;
0.360000 0.000000 0.000000 1.000000 1.000000 0.770513 -0.637424 -1.000000;
0.362000 0.000000 0.000000 1.000000 1.000000 0.762443 -0.647056 -1.000000;
0.364000 0.000000 0.000000 1.000000 1.000000 0.754251 -0.656586 -1.000000;
0.366000 0.000000 0.000000 1.000000 1.000000 0.745941 -0.666012 -1.000000;
0.368000 0.000000 0.000000 1.000000 1.000000 0.737513 -0.675333 -1.000000;
0.370000 0.000000 0.000000 1.000000 1.000000 0.728969 -0.684547 -1.000000;
0.372000 0.000000 0.000000 1.000000 1.000000 0.720309 -0.693653 -1.000000;
0.374000 0.000000 0.000000 1.000000 1.000000 0.711536 -0.702650 -1.000000;
0.376000 0.000000 0.000000 1.000000 1.000000 0.702650 -0.711536 -1.000000;
0.378000 0.000000 0.000000 1.000000 1.000000 0.693653 -0.720309 -1.000000;
0.380000 0.000000 0.000000 1.000000 1.000000 0.684547 -0.728969 -1.000000;
0.382000 0.000000 0.000000 1.000000 1.000000 0.675333 -0.737513 -1.000000;
0.384000 0.000000 0.000000 1.000000 1.000000 0.666012 -0.745941 -1.000000;
0.386000 0.000000 0.000000 1.000000 1.000000 0.656586 -0.754251 -1.000000;
0.388000 0.000000 0.000000 1.000000 1.000000 0.647056 -0.762443 -1.000000;
0.390000 0.000000 0.000000 1.000000 1.000000 0.637424 -0.770513 -1.000000;
0.392000 0.000000 0.000000 1.000000 1.000000 0.627691 -0.778462 -1.000000;
0.394000 0.000000 0.000000 1.000000 1.000000 0.617860 -0.786288 -1.000000;
0.396000 0.000000 0.000000 1.000000 1.000000 0.607930 -0.793990 -1.000000;
0.398000 0.000000 0.000000 1.000000 1.000000 0.597905 -0.801567 -1.000000;
0.400000 0.000000 0.000000 1.000000 1.000000 0.587785 -0.809017 -1.000000;
0.402000 0.000000 0.000000 1.000000 1.000000 0.577573 -0.816339 -1.000000;
0.404000 0.000000 0.000000 1.000000 1.000000 0.567269 -0.823533 -1.000000;
0.406000 0.000000 0.000000 1.000000 1.000000 0.556876 -0.830596 -1.000000;
0.408000 0.000000 0.000000 1.000000 1.000000 0.546394 -0.837528 -1.000000;
0.410000 0.000000 0.000000 1.000000 1.000000 0.535827 -0.844328 -1.000000;
0.412000 0.000000 0.000000 1.000000 1.000000 0.525175 -0.850994 -1.000000;
0.414000 0.000000 0.000000 1.000000 1.000000 0.514440 -0.857527 -1.000000;
0.416000 0.000000 0.000000 1.000000 1.000000 0.503623 -0.863923 -1.000000;
0.418000 0.000000 0.000000 1.000000 1.000000 0.492727 -0.870184 -1.000000;
0.420000 0.000000 0.000000 1.000000 1.000000 0.481754 -0.876307 -1.000000;
0.422000 0.000000 0.000000 1.000000 1.000000 0.470704 -0.882291 -1.000000;
0.424000 0.000000 0.000000 1.000000 1.000000 0.459580 -0.888136 -1.000000;
0.426000 0.000000 0.000000 1.000000 1.000000 0.448383 -0.893841 -1.000000;
0.428000 0.000000 0.000000 1.000000 1.000000 0.437116 -0.899405 -1.000000;
0.430000 0.000000 0.000000 1.000000 1.000000 0.425779 -0.904827 -1.000000;
0.432000 0.000000 0.000000 1.000000 1.000000 0.414376 -0.910106 -1.000000;
0.434000 0.000000 0.000000 1.000000 1.000000 0.402906 -0.915241 -1.000000;
0.436000 0.000000 0.000000 1.000000 1.000000 0.391374 -0.920232 -1.000000;
0.438000 0.000000 0.000000 1.000000 1.000000 0.379779 -0.925077 -1.000000;
0.440000 0.000000 0.000000 1.000000 1.000000 0.368125 -0.929776 -1.000000;
0.442000 0.000000 0.000000 1.000000 1.000000 0.356412 -0.934329 -1.000000;
0.444000 0.000000 0.000000 1.000000 1.000000 0.344643 -0.938734 -1.000000;
0.446000 0.000000 0.000000 1.000000 1.000000 0.332820 -0.942991 -1.000000;
0.448000 0.000000 0.000000 1.000000 1.000000 0.320944 -0.947098 -1.000000;
0.450000 0.000000 0.000000 1.000000 1.000000 0.309017 -0.951057 -1.000000;
0.452000 0.000000 0.000000 1.000000 1.000000 0.297042 -0.954865 -1.000000;
0.454000 0.000000 0.000000 1.000000 1.000000 0.285019 -0.958522 -1.000000;
0.456000 0.000000 0.000000 1.000000 1.000000 0.272952 -0.962028 -1.000000;
0.458000 0.000000 0.000000 1.000000 1.000000 0.260842 -0.965382 -1.000000;
0.460000 0.000000 0.000000 1.000000 1.000000 0.248690 -0.968583 -1.000000;
0.462000 0.000000 0.000000 1.000000 1.000000 0.236499 -0.971632 -1.000000;
0.464000 0.000000 0.000000 1.000000 1.000000 0.224271 -0.974527 -1.000000;
0.466000 0.000000 0.000000 1.000000 1.000000 0.212007 -0.977268 -1.000000;
0.468000 0.000000 0.000000 1.000000 1.000000 0.199710 -0.979855 -1.000000;
0.470000 0.000000 0.000000 1.000000 1.000000 0.187381 -0.982287 -1.000000;
0.472000 0.000000 0.000000 1.000000 1.000000 0.175023 -0.984564 -1.000000;
0.474000 0.000000 0.000000 1.000000 1.000000 0.162637 -0.986686 -1.000000;
0.476000 0.000000 0.000000 1.000000 1.000000 0.150226 -0.988652 -1.000000;
0.478000 0.000000 0.000000 1.000000 1.000000 0.137790 -0.990461 -1.000000;
0.480000 0.000000 0.000000 1.000000 1.000000 0.125333 -0.992115 -1.000000;
0.482000 0.000000 0.000000 1.000000 1.000000 0.112856 -0.993611 -1.000000;
0.484000 0.000000 0.000000 1.000000 1.000000 0.100362 -0.994951 -1.000000;
0.486000 0.000000 0.000000 1.000000 1.000000 0.087851 -0.996134 -1.000000;
0.488000 0.000000 0.000000 1.000000 1.000000 0.075327 -0.997159 -1.000000;
0.490000 0.000000 0.000000 1.000000 1.000000 0.062791 -0.998027 -1.000000;
0.492000 0.000000 0.000000 1.000000 1.000000 0.050244 -0.998737 -1.000000;
0.494000 0.000000 0.000000 1.000000 1.000000 0.037690 -0.999289 -1.000000;
0.496000 0.000000 0.000000 1.000000 1.000000 0.025130 -0.999684 -1.000000;
0.498000 0.000000 0.000000 1.000000 1.000000 0.012566 -0.999921 -1.000000;
0.500000 0.000000 0.000000 1.000000 1.000000 0.000000 -1.000000 -1.000000;
0.502000 0.000000 0.000000 1.000000 1.000000 -0.012566 -0.999921 -1.000000;
0.504000 0.000000 0.000000 1.000000 1.000000 -0.025130 -0.999684 -1.000000;
0.506000 0.000000 0.000000 1.000000 1.000000 -0.037690 -0.999289 -1.000000;
0.508000 0.000000 0.000000 1.000000 1.000000 -0.050244 -0.998737 -1.000000;
0.510000 0.000000 0.000000 1.000000 1.000000 -0.062791 -0.998027 -1.000000;
0.512000 0.000000 0.000000 1.000000 1.000000 -0.075327 -0.997159 -1.000000;
0.514000 0.000000 0.000000 1.000000 1.000000 -0.087851 -0.996134 -1.000000;
0.516000 0.000000 0.000000 1.000000 1.000000 -0.100362 -0.994951 -1.000000;
0.518000 0.000000 0.000000 1.000000 1.000000 -0.112856 -0.993611 -1.000000;
0.520000 0.000000 0.000000 1.000000 1.000000 -0.125333 -0.992115 -1.000000;
0.522000 0.000000 0.000000 1.000000 1.000000 -0.137790 -0.990461 -1.000000;
0.524000 0.000000 0.000000 1.000000 1.000000 -0.150226 -0.988652 -1.000000;
0.526000 0.000000 0.000000 1.000000 1.000000 -0.162637 -0.986686 -1.000000;
0.528000 0.000000 0.000000 1.000000 1.000000 -0.175023 -0.984564 -1.000000;
0.530000 0.000000 0.000000 1.000000 1.000000 -0.187381 -0.982287 -1.000000;
0.532000 0.000000 0.000000 1.000000 1.000000 -0.199710 -0.979855 -1.000000;
0.534000 0.000000 0.000000 1.000000 1.000000 -0.212007 -0.977268 -1.000000;
0.536000 0.000000 0.000000 1.000000 1.000000 -0.224271 -0.974527 -1.000000;
0.538000 0.000000 0.000000 1.000000 1.000000 -0.236499 -0.971632 -1.000000;
0.540000 0.000000 0.000000 1.000000 1.000000 -0.248690 -0.968583 -1.000000;
0.542000 0.000000 0.000000 1.000000 1.000000 -0.260842 -0.965382 -1.000000;
0.544000 0.000000 0.000000 1.000000 1.000000 -0.272952 -0.962028 -1.000000;
0.546000 0.000000 0.000000 1.000000 1.000000 -0.285019 -0.958522 -1.000000;
0.548000 0.000000 0.000000 1.000000 1.000000 -0.297042 -0.954865 -1.000000;
0.550000 0.000000 0.000000 1.000000 1.000000 -0.309017 -0.951057 -1.000000;
0.552000 0.000000 0.000000 1.000000 1.000000 -0.320944 -0.947098 -1.000000;
0.554000 0.000000 0.000000 1.000000 1.000000 -0.332820 -0.942991 -1.000000;
0.556000 0.000000 0.000000 1.000000 1.000000 -0.344643 -0.938734 -1.000000;
0.558000 0.000000 0.000000 1.000000 1.000000 -0.356412 -0.934329 -1.000000;
0.560000 0.000000 0.000000 1.000000 1.000000 -0.368125 -0.929776 -1.000000;
0.562000 0.000000 0.000000 1.000000 1.000000 -0.379779 -0.925077 -1.000000;
0.564000 0.000000 0.000000 1.000000 1.000000 -0.391374 -0.920232 -1.000000;
0.566000 0.000000 0.000000 1.000000 1.000000 -0.402906 -0.915241 -1.000000;
0.568000 0.000000 0.000000 1.000000 1.000000 -0.414376 -0.910106 -1.000000;
0.570000 0.000000 0.000000 1.000000 1.000000 -0.425779 -0.904827 -1.000000;
0.572000 0.000000 0.000000 1.000000 1.000000 -0.437116 -0.899405 -1.000000;
0.574000 0.000000 0.000000 1.000000 1.000000 -0.448383 -0.893841 -1.000000;
0.576000 0.000000 0.000000 1.000000 1.000000 -0.459580 -0.888136 -1.000000;
0.578000 0.000000 0.000000 1.000000 1.000000 -0.470704 -0.882291 -1.000000;
0.580000 0.000000 0.000000 1.000000 1.000000 -0.481754 -0.876307 -1.000000;
0.582000 0.000000 0.000000 1.000000 1.000000 -0.492727 -0.870184 -1.000000;
0.584000 0.000000 0.000000 1.000000 1.000000 -0.503623 -0.863923 -1.000000;
0.586000 0.000000 0.000000 1.000000 1.000000 -0.514440 -0.857527 -1.000000;
0.588000 0.000000 0.000000 1.000000 1.000000 -0.525175 -0.850994 -1.000000;
0.590000 0.000000 0.000000 1.000000 1.000000 -0.535827 -0.844328 -1.000000;
0.592000 0.000000 0.000000 1.000000 1.000000 -0.546394 -0.837528 -1.000000;
0.594000 0.000000 0.000000 1.000000 1.000000 -0.556876 -0.830596 -1.000000;
0.596000 0.000000 0.000000 1.000000 1.000000 -0.567269 -0.823533 -1.000000;
0.598000 0.000000 0.000000 1.000000 1.000000 -0.577573 -0.816339 -1.000000;
0.600000 0.000000 0.000000 1.000000 1.000000 -0.587785 -0.809017 -1.000000;
0.602000 0.000000 0.000000 1.000000 1.000000 -0.597905 -0.801567 -1.000000;
0.604000 0.000000 0.000000 1.000000 1.000000 -0.607930 -0.793990 -1.000000;
0.606000 0.000000 0.000000 1.000000 1.000000 -0.617860 -0.786288 -1.000000;
0.608000 0.000000 0.000000 1.000000 1.000000 -0.627691 -0.778462 -1.000000;
0.610000 0.000000 0.000000 1.000000 1.000000 -0.637424 -0.770513 -1.000000;
0.612000 0.000000 0.000000 1.000000 1.000000 -0.647056 -0.762443 -1.000000;
0.614000 0.000000 0.000000 1.000000 1.000000 -0.656586 -0.754251 -1.000000;
0.616000 0.000000 0.000000 1.000000 1.000000 -0.666012 -0.745941 -1.000000;
0.618000 0.000000 0.000000 1.000000 1.000000 -0.675333 -0.737513 -1.000000;
0.620000 0.000000 0.000000 1.000000 1.000000 -0.684547 -0.728969 -1.000000;
0.622000 0.000000 0.000000 1.000000 1.000000 -0.693653 -0.720309 -1.000000;
0.624000 0.000000 0.000000 1.000000 1.000000 -0.702650 -0.711536 -1.000000;
0.626000 0.000000 0.000000 1.000000 1.000000 -0.711536 -0.702650 -1.000000;
0.628000 0.000000 0.000000 1.000000 1.000000 -0.720309 -0.693653 -1.000000;
0.630000 0.000000 0.000000 1.000000 1.000000 -0.728969 -0.684547 -1.000000;
0.632000 0.000000 0.000000 1.000000 1.000000 -0.737513 -0.675333 -1.000000;
0.634000 0.000000 0.000000 1.000000 1.000000 -0.745941 -0.666012 -1.000000;
0.636000 0.000000 0.000000 1.000000 1.000000 -0.754251 -0.656586 -1.000000;
0.638000 0.000000 0.000000 1.000000 1.000000 -0.762443 -0.647056 -1.000000;
0.640000 0.000000 0.000000 1.000000 1.000000 -0.770513 -0.637424 -1.000000;
0.642000 0.000000 0.000000 1.000000 1.000000 -0.778462 -0.627691 -1.000000;
0.644000 0.000000 0.000000 1.000000 1.000000 -0.786288 -0.617860 -1.000000;
0.646000 0.000000 0.000000 1.000000 1.000000 -0.793990 -0.607930 -1.000000;
0.648000 0.000000 0.000000 1.000000 1.000000 -0.801567 -0.597905 -1.000000;
0.650000 0.000000 0.000000 1.000000 1.000000 -0.809017 -0.587785 -1.000000;
0.652000 0.000000 0.000000 1.000000 1.000000 -0.816339 -0.577573 -1.000000;
0.654000 0.000000 0.000000 1.000000 1.000000 -0.823533 -0.567269 -1.000000;
0.656000 0.000000 0.000000 1.000000 1.000000 -0.830596 -0.556876 -1.000000;
0.658000 0.000000 0.000000 1.000000 1.000000 -0.837528 -0.546394 -1.000000;
0.660000 0.000000 0.000000 1.000000 1.000000 -0.844328 -0.535827 -1.000000;
0.662000 0.000000 0.000000 1.000000 1.000000 -0.850994 -0.525175 -1.000000;
0.664000 0.000000 0.000000 1.000000 1.000000 -0.857527 -0.514440 -1.000000;
0.666000 0.000000 0.000000 1.000000 1.000000 -0.863923 -0.503623 -1.000000;
0.668000 0.000000 0.000000 1.000000 1.000000 -0.870184 -0.492727 -1.000000;
0.670000 0.000000 0.000000 1.000000 1.000000 -0.876307 -0.481754 -1.000000;
0.672000 0.000000 0.000000 1.000000 1.000000 -0.882291 -0.470704 -1.000000;
0.674000 0.000000 0.000000 1.000000 1.000000 -0.888136 -0.459580 -1.000000;
0.676000 0.000000 0.000000 1.000000 1.000000 -0.893841 -0.448383 -1.000000;
0.678000 0.000000 0.000000 1.000000 1.000000 -0.899405 -0.437116 -1.000000;
0.680000 0.000000 0.000000 1.000000 1.000000 -0.904827 -0.425779 -1.000000;
0.682000 0.000000 0.000000 1.000000 1.000000 -0.910106 -0.414376 -1.000000;
0.684000 0.000000 0.000000 1.000000 1.000000 -0.915241 -0.402906 -1.000000;
0.686000 0.000000 0.000000 1.000000 1.000000 -0.920232 -0.391374 -1.000000;
0.688000 0.000000 0.000000 1.000000 1.000000 -0.925077 -0.379779 -1.000000;
0.690000 0.000000 0.000000 1.000000 1.000000 -0.929776 -0.368125 -1.000000;
0.692000 0.000000 0.000000 1.000000 1.000000 -0.934329 -0.356412 -1.000000;
0.694000 0.000000 0.000000 1.000000 1.000000 -0.938734 -0.344643 -1.000000;
0.696000 0.000000 0.000000 1.000000 1.000000 -0.942991 -0.332820 -1.000000;
0.698000 0.000000 0.000000 1.000000 1.000000 -0.947098 -0.320944 -1.000000;
0.700000 0.000000 0.000000 1.000000 1.000000 -0.951057 -0.309017 -1.000000;
0.702000 0.000000 0.000000 1.000000 1.000000 -0.954865 -0.297042 -1.000000;
0.704000 0.000000 0.000000 1.000000 1.000000 -0.958522 -0.285019 -1.000000;
0.706000 0.000000 0.000000 1.000000 1.000000 -0.962028 -0.272952 -1.000000;
0.708000 0.000000 0.000000 1.000000 1.000000 -0.965382 -0.260842 -1.000000;
0.710000 0.000000 0.000000 1.000000 1.000000 -0.968583 -0.248690 -1.000000;
0.712000 0.000000 0.000000 1.000000 1.000000 -0.971632 -0.236499 -1.000000;
0.714000 0.000000 0.000000 1.000000 1.000000 -0.974527 -0.224271 -1.000000;
0.716000 0.000000 0.000000 1.000000 1.000000 -0.977268 -0.212007 -1.000000;
0.718000 0.000000 0.000000 1.000000 1.000000 -0.979855 -0.199710 -1.000000;
0.720000 0.000000 0.000000 1.000000 1.000000 -0.982287 -0.187381 -1.000000;
0.722000 0.000000 0.000000 1.000000 1.000000 -0.984564 -0.175023 -1.000000;
0.724000 0.000000 0.000000 1.000000 1.000000 -0.986686 -0.162637 -1.000000;
0.726000 0.000000 0.000000 1.000000 1.000000 -0.988652 -0.150226 -1.000000;
0.728000 0.000000 0.000000 1.000000 1.000000 -0.990461 -0.137790 -1.000000;
0.730000 0.000000 0.000000 1.000000 1.000000 -0.992115 -0.125333 -1.000000;
0.732000 0.000000 0.000000 1.000000 1.000000 -0.993611 -0.112856 -1.000000;
0.734000 0.000000 0.000000 1.000000 1.000000 -0.994951 -0.100362 -1.000000;
0.736000 0.000000 0.000000 1.000000 1.000000 -0.996134 -0.087851 -1.000000;
0.738000 0.000000 0.000000 1.000000 1.000000 -0.997159 -0.075327 -1.000000;
0.740000 0.000000 0.000000 1.000000 1.000000 -0.998027 -0.062791 -1.000000;
0.742000 0.000000 0.000000 1.000000 1.000000 -0.998737 -0.050244 -1.000000;
0.744000 0.000000 0.000000 1.000000 1.000000 -0.999289 -0.037690 -1.000000;
0.746000 0.000000 0.000000 1.000000 1.000000 -0.999684 -0.025130 -1.000000;
0.748000 0.000000 0.000000 1.000000 1.000000 -0.999921 -0.012566 -1.000000;
0.750000 0.000000 0.000000 1.000000 1.000000 -1.000000 -0.000000 -1.000000;
0.752000 0.000000 0.000000 1.000000 1.000000 -0.999921 0.012566 -1.000000;
0.754000 0.000000 0.000000 1.000000 1.000000 -0.999684 0.025130 -1.000000;
0.756000 0.000000 0.000000 1.000000 1.000000 -0.999289 0.037690 -1.000000;
0.758000 0.000000 0.000000 1.000000 1.000000 -0.998737 0.050244 -1.000000;
0.760000 0.000000 0.000000 1.000000 1.000000 -0.998027 0.062791 -1.000000;
0.762000 0.000000 0.000000 1.000000 1.000000 -0.997159 0.075327 -1.000000;
0.764000 0.000000 0.000000 1.000000 1.000000 -0.996134 0.087851 -1.000000;
0.766000 0.000000 0.000000 1.000000 1.000000 -0.994951 0.100362 -1.000000;
0.768000 0.000000 0.000000 1.000000 1.000000 -0.993611 0.112856 -1.000000;
0.770000 0.000000 0.000000 1.000000 1.000000 -0.992115 0.125333 -1.000000;
0.772000 0.000000 0.000000 1.000000 1.000000 -0.990461 0.137790 -1.000000;
0.774000 0.000000 0.000000 1.000000 1.000000 -0.988652 0.150226 -1.000000;
0.776000 0.000000 0.000000 1.000000 1.000000 -0.986686 0.162637 -1.000000;
0.778000 0.000000 0.000000 1.000000 1.000000 -0.984564 0.175023 -1.000000;
0.780000 0.000000 0.000000 1.000000 1.000000 -0.982287 0.187381 -1.000000;
0.782000 0.000000 0.000000 1.000000 1.000000 -0.979855 0.199710 -1.000000;
0.784000 0.000000 0.000000 1.000000 1.000000 -0.977268 0.212007 -1.000000;
0.786000 0.000000 0.000000 1.000000 1.000000 -0.974527 0.224271 -1.000000;
0.788000 0.000000 0.000000 1.000000 1.000000 -0.971632 0.236499 -1.000000;
0.790000 0.000000 0.000000 1.000000 1.000000 -0.968583 0.248690 -1.000000;
0.792000 0.000000 0.000000 1.000000 1.000000 -0.965382 0.260842 -1.000000;
0.794000 0.000000 0.000000 1.000000 1.000000 -0.962028 0.272952 -1.000000;
0.796000 0.000000 0.000000 1.000000 1.000000 -0.958522 0.285019 -1.000000;
0.798000 0.000000 0.000000 1.000000 1.000000 -0.954865 0.297042 -1.000000;
0.800000 0.000000 0.000000 1.000000 1.000000 -0.951057 0.309017 -1.000000;
0.802000 0.000000 0.000000 1.000000 1.000000 -0.947098 0.320944 -1.000000;
0.804000 0.000000 0.000000 1.000000 1.000000 -0.942991 0.332820 -1.000000;
0.806000 0.000000 0.000000 1.000000 1.000000 -0.938734 0.344643 -1.000000;
0.808000 0.000000 0.000000 1.000000 1.000000 -0.934329 0.356412 -1.000000;
0.810000 0.000000 0.000000 1.000000 1.000000 -0.929776 0.368125 -1.000000;
0.812000 0.000000 0.000000 1.000000 1.000000 -0.925077 0.379779 -1.000000;
0.814000 0.000000 0.000000 1.000000 1.000000 -0.920232 0.391374 -1.000000;
0.816000 0.000000 0.000000 1.000000 1.000000 -0.915241 0.402906 -1.000000;
0.818000 0.000000 0.000000 1.000000 1.000000 -0.910106 0.414376 -1.000000;
0.820000 0.000000 0.000000 1.000000 1.000000 -0.904827 0.425779 -1.000000;
0.822000 0.000000 0.000000 1.000000 1.000000 -0.899405 0.437116 -1.000000;
0.824000 0.000000 0.000000 1.000000 1.000000 -0.893841 0.448383 -1.000000;
0.826000 0.000000 0.000000 1.000000 1.000000 -0.888136 0.459580 -1.000000;
0.828000 0.000000 0.000000 1.000000 1.000000 -0.882291 0.470704 -1.000000;
0.830000 0.000000 0.000000 1.000000 1.000000 -0.876307 0.481754 -1.000000;
0.832000 0.000000 0.000000 1.000000 1.000000 -0.870184 0.492727 -1.000000;
0.834000 0.000000 0.000000 1.000000 1.000000 -0.863923 0.503623 -1.000000;
0.836000 0.000000 0.000000 1.000000 1.000000 -0.857527 0.514440 -1.000000;
0.838000 0.000000 0.000000 1.000000 1.000000 -0.850994 0.525175 -1.000000;
0.840000 0.000000 0.000000 1.000000 1.000000 -0.844328 0.535827 -1.000000;
0.842000 0.000000 0.000000 1.000000 1.000000 -0.837528 0.546394 -1.000000;
0.844000 0.000000 0.000000 1.000000 1.000000 -0.830596 0.556876 -1.000000;
0.846000 0.000000 0.000000 1.000000 1.000000 -0.823533 0.567269 -1.000000;
0.848000 0.000000 0.000000 1.000000 1.000000 -0.816339 0.577573 -1.000000;
0.850000 0.000000 0.000000 1.000000 1.000000 -0.809017 0.587785 -1.000000;
0.852000 0.000000 0.000000 1.000000 1.000000 -0.801567 0.597905 -1.000000;
0.854000 0.000000 0.000000 1.000000 1.000000 -0.793990 0.607930 -1.000000;
0.856000 0.000000 0.000000 1.000000 1.000000 -0.786288 0.617860 -1.000000;
0.858000 0.000000 0.000000 1.000000 1.000000 -0.778462 0.627691 -1.000000;
0.860000 0.000000 0.000000 1.000000 1.000000 -0.770513 0.637424 -1.000000;
0.862000 0.000000 0.000000 1.000000 1.000000 -0.762443 0.647056 -1.000000;
0.864000 0.000000 0.000000 1.000000 1.000000 -0.754251 0.656586 -1.000000;
0.866000 0.000000 0.000000 1.000000 1.000000 -0.745941 0.666012 -1.000000;
0.868000 0.000000 0.000000 1.000000 1.000000 -0.737513 0.675333 -1.000000;
0.870000 0.000000 0.000000 1.000000 1.000000 -0.728969 0.684547 -1.000000;
0.872000 0.000000 0.000000 1.000000 1.000000 -0.720309 0.693653 -1.000000;
0.874000 0.000000 0.000000 1.000000 1.000000 -0.711536 0.702650 -1.000000;
0.876000 0.000000 0.000000 1.000000 1.000000 -0.702650 0.711536 -1.000000;
0.878000 0.000000 0.000000 1.000000 1.000000 -0.693653 0.720309 -1.000000;
0.880000 0.000000 0.000000 1.000000 1.000000 -0.684547 0.728969 -1.000000;
0.882000 0.000000 0.000000 1.000000 1.000000 -0.675333 0.737513 -1.000000;
0.884000 0.000000 0.000000 1.000000 1.000000 -0.666012 0.745941 -1.000000;
0.886000 0.000000 0.000000 1.000000 1.000000 -0.656586 0.754251 -1.000000;
0.888000 0.000000 0.000000 1.000000 1.000000 -0.647056 0.762443 -1.000000;
0.890000 0.000000 0.000000 1.000000 1.000000 -0.637424 0.770513 -1.000000;
0.892000 0.000000 0.000000 1.000000 1.000000 -0.627691 0.778462 -1.000000;
0.894000 0.000000 0.000000 1.000000 1.000000 -0.617860 0.786288 -1.000000;
0.896000 0.000000 0.000000 1.000000 1.000000 -0.607930 0.793990 -1.000000;
0.898000 0.000000 0.000000 1.000000 1.000000 -0.597905 0.801567 -1.000000;
0.900000 0.000000 0.000000 1.000000 1.000000 -0.587785 0.809017 -1.000000;
0.902000 0.000000 0.000000 1.000000 1.000000 -0.577573 0.816339 -1.000000;
0.904000 0.000000 0.000000 1.000000 1.000000 -0.567269 0.823533 -1.000000;
0.906000 0.000000 0.000000 1.000000 1.000000 -0.556876 0.830596 -1.000000;
0.908000 0.000000 0.000000 1.000000 1.000000 -0.546394 0.837528 -1.000000;
0.910000 0.000000 0.000000 1.000000 1.000000 -0.535827 0.844328 -1.000000;
0.912000 0.000000 0.000000 1.000000 1.000000 -0.525175 0.850994 -1.000000;
0.914000 0.000000 0.000000 1.000000 1.000000 -0.514440 0.857527 -1.000000;
0.916000 0.000000 0.000000 1.000000 1.000000 -0.503623 0.863923 -1.000000;
0.918000 0.000000 0.000000 1.000000 1.000000 -0.492727 0.870184 -1.000000;
0.920000 0.000000 0.000000 1.000000 1.000000 -0.481754 0.876307 -1.000000;
0.922000 0.000000 0.000000 1.000000 1.000000 -0.470704 0.882291 -1.000000;
0.924000 0.000000 0.000000 1.000000 1.000000 -0.459580 0.888136 -1.000000;
0.926000 0.000000 0.000000 1.000000 1.000000 -0.448383 0.893841 -1.000000;
0.928000 0.000000 0.000000 1.000000 1.000000 -0.437116 0.899405 -1.000000;
0.930000 0.000000 0.000000 1.000000 1.000000 -0.425779 0.904827 -1.000000;
0.932000 0.000000 0.000000 1.000000 1.000000 -0.414376 0.910106 -1.000000;
0.934000 0.000000 0.000000 1.000000 1.000000 -0.402906 0.915241 -1.000000;
0.936000 0.000000 0.000000 1.000000 1.000000 -0.391374 0.920232 -1.000000;
0.938000 0.000000 0.000000 1.000000 1.000000 -0.379779 0.925077 -1.000000;
0.940000 0.000000 0.000000 1.000000 1.000000 -0.368125 0.929776 -1.000000;
0.942000 0.000000 0.000000 1.000000 1.000000 -0.356412 0.934329 -1.000000;
0.944000 0.000000 0.000000 1.000000 1.000000 -0.344643 0.938734 -1.000000;
0.946000 0.000000 0.000000 1.000000 1.000000 -0.332820 0.942991 -1.000000;
0.948000 0.000000 0.000000 1.000000 1.000000 -0.320944 0.947098 -1.000000;
0.950000 0.000000 0.000000 1.000000 1.000000 -0.309017 0.951057 -1.000000;
0.952000 0.000000 0.000000 1.000000 1.000000 -0.297042 0.954865 -1.000000;
0.954000 0.000000 0.000000 1.000000 1.000000 -0.285019 0.958522 -1.000000;
0.956000 0.000000 0.000000 1.000000 1.000000 -0.272952 0.962028 -1.000000;
0.958000 0.000000 0.000000 1.000000 1.000000 -0.260842 0.965382 -1.000000;
0.960000 0.000000 0.000000 1.000000 1.000000 -0.248690 0.968583 -1.000000;
0.962000 0.000000 0.000000 1.000000 1.000000 -0.236499 0.971632 -1.000000;
0.964000 0.000000 0.000000 1.000000 1.000000 -0.224271 0.974527 -1.000000;
0.966000 0.000000 0.000000 1.000000 1.000000 -0.212007 0.977268 -1.000000;
0.968000 0.000000 0.000000 1.000000 1.000000 -0.199710 0.979855 -1.000000;
0.970000 0.000000 0.000000 1.000000 1.000000 -0.187381 0.982287 -1.000000;
0.972000 0.000000 0.000000 1.000000 1.000000 -0.175023 0.984564 -1.000000;
0.974000 0.000000 0.000000 1.000000 1.000000 -0.162637 0.986686 -1.000000;
0.976000 0.000000 0.000000 1.000000 1.000000 -0.150226 0.988652 -1.000000;
0.978000 0.000000 0.000000 1.000000 1.000000 -0.137790 0.990461 -1.000000;
0.980000 0.000000 0.000000 1.000000 1.000000 -0.125333 0.992115 -1.000000;
0.982000 0.000000 0.000000 1.000000 1.000000 -0.112856 0.993611 -1.000000;
0.984000 0.000000 0.000000 1.000000 1.000000 -0.100362 0.994951 -1.000000;
0.986000 0.000000 0.000000 1.000000 1.000000 -0.087851 0.996134 -1.000000;
0.988000 0.000000 0.000000 1.000000 1.000000 -0.075327 0.997159 -1.000000;
0.990000 0.000000 0.000000 1.000000 1.000000 -0.062791 0.998027 -1.000000;
0.992000 0.000000 0.000000 1.000000 1.000000 -0.050244 0.998737 -1.000000;
0.994000 0.000000 0.000000 1.000000 1.000000 -0.037690 0.999289 -1.000000;
0.996000 0.000000 0.000000 1.000000 1.000000 -0.025130 0.999684 -1.000000;
0.998000 0.000000 0.000000 1.000000 1.000000 -0.012566 0.999921 -1.000000;
1.000000 0.000000 0.000000 1.000000 1.000000 -0.000000 1.000000 -1.000000;
0.000000 1.000000 0.000000 0.000000 1.000000 0.000000 1.000000 1.000000;
0.002000 1.000000 0.000000 0.000000 1.000000 0.025124 0.999684 1.000000;
0.004000 1.000000 0.000000 0.000000 1.000000 0.050197 0.998739 1.000000;
0.006000 1.000000 0.000000 0.000000 1.000000 0.075167 0.997171 1.000000;
0.008000 1.000000 0.000000 0.000000 1.000000 0.099985 0.994989 1.000000;
0.010000 1.000000 0.000000 0.000000 1.000000 0.124602 0.992207 1.000000;
0.012000 1.000000 0.000000 0.000000 1.000000 0.148973 0.988841 1.000000;
0.014000 1.000000 0.000000 0.000000 1.000000 0.173052 0.984913 1.000000;
0.016000 1.000000 0.000000 0.000000 1.000000 0.196798 0.980444 1.000000;
0.018000 1.000000 0.000000 0.000000 1.000000 0.220174 0.975461 1.000000;
0.020000 1.000000 0.000000 0.000000 1.000000 0.243144 0.969990 1.000000;
0.022000 1.000000 0.000000 0.000000 1.000000 0.265677 0.964062 1.000000;
0.024000 1.000000 0.000000 0.000000 1.000000 0.287744 0.957707 1.000000;
0.026000 1.000000 0.000000 0.000000 1.000000 0.309322 0.950957 1.000000;
0.028000 1.000000 0.000000 0.000000 1.000000 0.330389 0.943845 1.000000;
0.030000 1.000000 0.000000 0.000000 1.000000 0.350929 0.936402 1.000000;
0.032000 1.000000 0.000000 0.000000 1.000000 0.370926 0.928662 1.000000;
0.034000 1.000000 0.000000 0.000000 1.000000 0.390372 0.920657 1.000000;
0.036000 1.000000 0.000000 0.000000 1.000000 0.409258 0.912419 1.000000;
0.038000 1.000000 0.000000 0.000000 1.000000 0.427580 0.903978 1.000000;
0.040000 1.000000 0.000000 0.000000 1.000000 0.445336 0.895364 1.000000;
0.042000 1.000000 0.000000 0.000000 1.000000 0.462527 0.886605 1.000000;
0.044000 1.000000 0.000000 0.000000 1.000000 0.479156 0.877730 1.000000;
0.046000 1.000000 0.000000 0.000000 1.000000 0.495228 0.868763 1.000000;
0.048000 1.000000 0.000000 0.000000 1.000000 0.510751 0.859729 1.000000;
0.050000 1.000000 0.000000 0.000000 1.000000 0.525731 0.850651 1.000000;
0.052000 1.000000 0.000000 0.000000 1.000000 0.540180 0.841550 1.000000;
0.054000 1.000000 0.000000 0.000000 1.000000 0.554108 0.832445 1.000000;
0.056000 1.000000 0.000000 0.000000 1.000000 0.567527 0.823355 1.000000;
0.058000 1.000000 0.000000 0.000000 1.000000 0.580450 0.814296 1.000000;
0.060000 1.000000 0.000000 0.000000 1.000000 0.592889 0.805284 1.000000;
0.062000 1.000000 0.000000 0.000000 1.000000 0.604860 0.796332 1.000000;
0.064000 1.000000 0.000000 0.000000 1.000000 0.616376 0.787452 1.000000;
0.066000 1.000000 0.000000 0.000000 1.000000 0.627451 0.778656 1.000000;
0.068000 1.000000 0.000000 0.000000 1.000000 0.638100 0.769954 1.000000;
0.070000 1.000000 0.000000 0.000000 1.000000 0.648337 0.761353 1.000000;
0.072000 1.000000 0.000000 0.000000 1.000000 0.658177 0.752863 1.000000;
0.074000 1.000000 0.000000 0.000000 1.000000 0.667634 0.744490 1.000000;
0.076000 1.000000 0.000000 0.000000 1.000000 0.676721 0.736239 1.000000;
0.078000 1.000000 0.000000 0.000000 1.000000 0.685454 0.728116 1.000000;
0.080000 1.000000 0.000000 0.000000 1.000000 0.693845 0.720124 1.000000;
0.082000 1.000000 0.000000 0.000000 1.000000 0.701908 0.712268 1.000000;
0.084000 1.000000 0.000000 0.000000 1.000000 0.709655 0.704549 1.000000;
0.086000 1.000000 0.000000 0.000000 1.000000 0.717099 0.696971 1.000000;
0.088000 1.000000 0.000000 0.000000 1.000000 0.724252 0.689535 1.000000;
0.090000 1.000000 0.000000 0.000000 1.000000 0.731127 0.682242 1.000000;
0.092000 1.000000 0.000000 0.000000 1.000000 0.737733 0.675092 1.000000;
0.094000 1.000000 0.000000 0.000000 1.000000 0.744083 0.668087 1.000000;
0.096000 1.000000 0.000000 0.000000 1.000000 0.750186 0.661226 1.000000;
0.098000 1.000000 0.000000 0.000000 1.000000 0.756054 0.654510 1.000000;
0.100000 1.000000 0.000000 0.000000 1.000000 0.761695 0.647936 1.000000;
0.102000 1.000000 0.000000 0.000000 1.000000 0.767119 0.641505 1.000000;
0.104000 1.000000 0.000000 0.000000 1.000000 0.772334 0.635216 1.000000;
0.106000 1.000000 0.000000 0.000000 1.000000 0.777351 0.629067 1.000000;
0.108000 1.000000 0.000000 0.000000 1.000000 0.782176 0.623058 1.000000;
0.110000 1.000000 0.000000 0.000000 1.000000 0.786818 0.617185 1.000000;
0.112000 1.000000 0.000000 0.000000 1.000000 0.791284 0.611449 1.000000;
0.114000 1.000000 0.000000 0.000000 1.000000 0.795581 0.605847 1.000000;
0.116000 1.000000 0.000000 0.000000 1.000000 0.799717 0.600377 1.000000;
0.118000 1.000000 0.000000 0.000000 1.000000 0.803697 0.595038 1.000000;
0.120000 1.000000 0.000000 0.000000 1.000000 0.807529 0.589827 1.000000;
0.122000 1.000000 0.000000 0.000000 1.000000 0.811218 0.584743 1.000000;
0.124000 1.000000 0.000000 0.000000 1.000000 0.814770 0.579784 1.000000;
0.126000 1.000000 0.000000 0.000000 1.000000 0.818191 0.574947 1.000000;
0.128000 1.000000 0.000000 0.000000 1.000000 0.821485 0.570231 1.000000;
0.130000 1.000000 0.000000 0.000000 1.000000 0.824657 0.565633 1.000000;
0.132000 1.000000 0.000000 0.000000 1.000000 0.827713 0.561151 1.000000;
0.134000 1.000000 0.000000 0.000000 1.000000 0.830657 0.556785 1.000000;
0.136000 1.000000 0.000000 0.000000 1.000000 0.833493 0.552530 1.000000;
0.138000 1.000000 0.000000 0.000000 1.000000 0.836225 0.548386 1.000000;
0.140000 1.000000 0.000000 0.000000 1.000000 0.838858 0.544350 1.000000;
0.142000 1.000000 0.000000 0.000000 1.000000 0.841395 0.540421 1.000000;
0.144000 1.000000 0.000000 0.000000 1.000000 0.843839 0.536596 1.000000;
0.146000 1.000000 0.000000 0.000000 1.000000 0.846194 0.532874 1.000000;
0.148000 1.000000 0.000000 0.000000 1.000000 0.848464 0.529253 1.000000;
0.150000 1.000000 0.000000 0.000000 1.000000 0.850651 0.525731 1.000000;
0.152000 1.000000 0.000000 0.000000 1.000000 0.852758 0.522306 1.000000;
0.154000 1.000000 0.000000 0.000000 1.000000 0.854788 0.518977 1.000000;
0.156000 1.000000 0.000000 0.000000 1.000000 0.856745 0.515741 1.000000;
0.158000 1.000000 0.000000 0.000000 1.000000 0.858629 0.512597 1.000000;
0.160000 1.000000 0.000000 0.000000 1.000000 0.860445 0.509544 1.000000;
0.162000 1.000000 0.000000 0.000000 1.000000 0.862193 0.506580 1.000000;
0.164000 1.000000 0.000000 0.000000 1.000000 0.863877 0.503703 1.000000;
0.166000 1.000000 0.000000 0.000000 1.000000 0.865498 0.500912 1.000000;
0.168000 1.000000 0.000000 0.000000 0.978011 0.867059 0.498205 0.944450;
0.170000 1.000000 0.000000 0.000000 0.944198 0.868562 0.495581 0.861723;
0.172000 1.000000 0.000000 0.000000 0.909400 0.870007 0.493039 0.779885;
0.174000 1.000000 0.000000 0.000000 0.873631 0.871398 0.490577 0.699113;
0.176000 1.000000 0.000000 0.000000 0.836907 0.872735 0.488194 0.619572;
0.178000 1.000000 0.000000 0.000000 0.799244 0.874021 0.485888 0.541416;
0.180000 1.000000 0.000000 0.000000 0.760657 0.875256 0.483659 0.464782;
0.182000 1.000000 0.000000 0.000000 0.721165 0.876443 0.481506 0.389796;
0.184000 1.000000 0.000000 0.000000 0.680785 0.877582 0.479427 0.316569;
0.186000 1.000000 0.000000 0.000000 0.639535 0.878675 0.477420 0.245199;
0.188000 1.000000 0.000000 0.000000 0.597434 0.879723 0.475486 0.175770;
0.190000 1.000000 0.000000 0.000000 0.554504 0.880728 0.473623 0.108353;
0.192000 1.000000 0.000000 0.000000 0.510763 0.881689 0.471830 0.043006;
0.194000 1.000000 0.000000 0.000000 0.466233 0.882610 0.470106 -0.020223;
0.196000 1.000000 0.000000 0.000000 0.420937 0.883490 0.468451 -0.081300;
0.198000 1.000000 0.000000 0.000000 0.374895 0.884330 0.466863 -0.140203;
0.200000 1.000000 0.000000 0.000000 0.328131 0.885131 0.465341 -0.196917;
0.202000 1.000000 0.000000 0.000000 0.280668 0.885895 0.463885 -0.251441;
0.204000 1.000000 0.000000 0.000000 0.232530 0.886622 0.462495 -0.303778;
0.206000 1.000000 0.000000 0.000000 0.183742 0.887313 0.461168 -0.353945;
0.208000 1.000000 0.000000 0.000000 0.134327 0.887968 0.459905 -0.401963;
0.210000 1.000000 0.000000 0.000000 0.084312 0.888588 0.458705 -0.447861;
0.212000 1.000000 0.000000 0.000000 0.033722 0.889175 0.457568 -0.491674;
0.214000 1.000000 0.000000 0.000000 -0.017417 0.889728 0.456492 -0.533444;
0.216000 1.000000 0.000000 0.000000 -0.069078 0.890247 0.455478 -0.573216;
0.218000 1.000000 0.000000 0.000000 -0.121234 0.890735 0.454524 -0.611040;
0.220000 1.000000 0.000000 0.000000 -0.173859 0.891190 0.453630 -0.646970;
0.222000 1.000000 0.000000 0.000000 -0.226924 0.891614 0.452796 -0.681062;
0.224000 1.000000 0.000000 0.000000 -0.280401 0.892007 0.452022 -0.713376;
0.226000 1.000000 0.000000 0.000000 -0.334263 0.892369 0.451306 -0.743971;
0.228000 1.000000 0.000000 0.000000 -0.388481 0.892701 0.450649 -0.772911;
0.230000 1.000000 0.000000 0.000000 -0.443026 0.893003 0.450050 -0.800259;
0.232000 1.000000 0.000000 0.000000 -0.497869 0.893276 0.449510 -0.826078;
0.234000 1.000000 0.000000 0.000000 -0.552981 0.893519 0.449026 -0.850433;
0.236000 1.000000 0.000000 0.000000 -0.608332 0.893732 0.448601 -0.873386;
0.238000 1.000000 0.000000 0.000000 -0.663894 0.893917 0.448232 -0.895002;
0.240000 1.000000 0.000000 0.000000 -0.719635 0.894073 0.447921 -0.915341;
0.242000 1.000000 0.000000 0.000000 -0.775528 0.894201 0.447666 -0.934467;
0.244000 1.000000 0.000000 0.000000 -0.831540 0.894300 0.447468 -0.952437;
0.246000 1.000000 0.000000 0.000000 -0.887643 0.894371 0.447327 -0.969312;
0.248000 1.000000 0.000000 0.000000 -0.943807 0.894413 0.447242 -0.985148;
0.250000 1.000000 0.000000 0.000000 -1.000000 0.707107 0.707107 -1.000000;
0.252000 1.000000 0.000000 0.000000 -0.943807 -0.894413 -0.447242 -0.985148;
0.254000 1.000000 0.000000 0.000000 -0.887643 -0.894371 -0.447327 -0.969312;
0.256000 1.000000 0.000000 0.000000 -0.831540 -0.894300 -0.447468 -0.952437;
0.258000 1.000000 0.000000 0.000000 -0.775528 -0.894201 -0.447666 -0.934467;
0.260000 1.000000 0.000000 0.000000 -0.719635 -0.894073 -0.447921 -0.915341;
0.262000 1.000000 0.000000 0.000000 -0.663894 -0.893917 -0.448232 -0.895002;
0.264000 1.000000 0.000000 0.000000 -0.608332 -0.893732 -0.448601 -0.873386;
0.266000 1.000000 0.000000 0.000000 -0.552981 -0.893519 -0.449026 -0.850433;
0.268000 1.000000 0.000000 0.000000 -0.497869 -0.893276 -0.449510 -0.826078;
0.270000 1.000000 0.000000 0.000000 -0.443026 -0.893003 -0.450050 -0.800259;
0.272000 1.000000 0.000000 0.000000 -0.388481 -0.892701 -0.450649 -0.772911;
0.274000 1.000000 0.000000 0.000000 -0.334263 -0.892369 -0.451306 -0.743971;
0.276000 1.000000 0.000000 0.000000 -0.280401 -0.892007 -0.452022 -0.713376;
0.278000 1.000000 0.000000 0.000000 -0.226924 -0.891614 -0.452796 -0.681062;
0.280000 1.000000 0.000000 0.000000 -0.173859 -0.891190 -0.453630 -0.646970;
0.282000 1.000000 0.000000 0.000000 -0.121234 -0.890735 -0.454524 -0.611040;
0.284000 1.000000 0.000000 0.000000 -0.069078 -0.890247 -0.455478 -0.573216;
0.286000 1.000000 0.000000 0.000000 -0.017417 -0.889728 -0.456492 -0.533444;
0.288000 1.000000 0.000000 0.000000 0.033722 -0.889175 -0.457568 -0.491674;
0.290000 1.000000 0.000000 0.000000 0.084312 -0.888588 -0.458705 -0.447861;
0.292000 1.000000 0.000000 0.000000 0.134327 -0.887968 -0.459905 -0.401963;
0.294000 1.000000 0.000000 0.000000 0.183742 -0.887313 -0.461168 -0.353945;
0.296000 1.000000 0.000000 0.000000 0.232530 -0.886622 -0.462495 -0.303778;
0.298000 1.000000 0.000000 0.000000 0.280668 -0.885895 -0.463885 -0.251441;
0.300000 1.000000 0.000000 0.000000 0.328131 -0.885131 -0.465341 -0.196917;
0.302000 1.000000 0.000000 0.000000 0.374895 -0.884330 -0.466863 -0.140203;
0.304000 1.000000 0.000000 0.000000 0.420937 -0.883490 -0.468451 -0.081300;
0.306000 1.000000 0.000000 0.000000 0.466233 -0.882610 -0.470106 -0.020223;
0.308000 1.000000 0.000000 0.000000 0.510763 -0.881689 -0.471830 0.043006;
0.310000 1.000000 0.000000 0.000000 0.554504 -0.880728 -0.473623 0.108353;
0.312000 1.000000 0.000000 0.000000 0.597434 -0.879723 -0.475486 0.175770;
0.314000 1.000000 0.000000 0.000000 0.639535 -0.878675 -0.477420 0.245199;
0.316000 1.000000 0.000000 0.000000 0.680785 -0.877582 -0.479427 0.316569;
0.318000 1.000000 0.000000 0.000000 0.721165 -0.876443 -0.481506 0.389796;
0.320000 1.000000 0.000000 0.000000 0.760657 -0.875256 -0.483659 0.464782;
0.322000 1.000000 0.000000 0.000000 0.799244 -0.874021 -0.485888 0.541416;
0.324000 1.000000 0.000000 0.000000 0.836907 -0.872735 -0.488194 0.619572;
0.326000 1.000000 0.000000 0.000000 0.873631 -0.871398 -0.490577 0.699113;
0.328000 1.000000 0.000000 0.000000 0.909400 -0.870007 -0.493039 0.779885;
0.330000 1.000000 0.000000 0.000000 0.944198 -0.868562 -0.495581 0.861723;
0.332000 1.000000 0.000000 0.000000 0.978011 -0.867059 -0.498205 0.944450;
0.334000 1.000000 0.000000 0.000000 1.000000 -0.865498 -0.500912 1.000000;
0.336000 1.000000 0.000000 0.000000 1.000000 -0.863877 -0.503703 1.000000;
0.338000 1.000000 0.000000 0.000000 1.000000 -0.862193 -0.506580 1.000000;
0.340000 1.000000 0.000000 0.000000 1.000000 -0.860445 -0.509544 1.000000;
0.342000 1.000000 0.000000 0.000000 1.000000 -0.858629 -0.512597 1.000000;
0.344000 1.000000 0.000000 0.000000 1.000000 -0.856745 -0.515741 1.000000;
0.346000 1.000000 0.000000 0.000000 1.000000 -0.854788 -0.518977 1.000000;
0.348000 1.000000 0.000000 0.000000 1.000000 -0.852758 -0.522306 1.000000;
0.350000 1.000000 0.000000 0.000000 1.000000 -0.850651 -0.525731 1.000000;
0.352000 1.000000 0.000000 0.000000 1.000000 -0.848464 -0.529253 1.000000;
0.354000 1.000000 0.000000 0.000000 1.000000 -0.846194 -0.532874 1.000000;
0.356000 1.000000 0.000000 0.000000 1.000000 -0.843839 -0.536596 1.000000;
0.358000 1.000000 0.000000 0.000000 1.000000 -0.841395 -0.540421 1.000000;
0.360000 1.000000 0.000000 0.000000 1.000000 -0.838858 -0.544350 1.000000;
0.362000 1.000000 0.000000 0.000000 1.000000 -0.836225 -0.548386 1.000000;
0.364000 1.000000 0.000000 0.000000 1.000000 -0.833493 -0.552530 1.000000;
0.366000 1.000000 0.000000 0.000000 1.000000 -0.830657 -0.556785 1.000000;
0.368000 1.000000 0.000000 0.000000 1.000000 -0.827713 -0.561151 1.000000;
0.370000 1.000000 0.000000 0.000000 1.000000 -0.824657 -0.565633 1.000000;
0.372000 1.000000 0.000000 0.000000 1.000000 -0.821485 -0.570231 1.000000;
0.374000 1.000000 0.000000 0.000000 1.000000 -0.818191 -0.574947 1.000000;
0.376000 1.000000 0.000000 0.000000 1.000000 -0.814770 -0.579784 1.000000;
0.378000 1.000000 0.000000 0.000000 1.000000 -0.811218 -0.584743 1.000000;
0.380000 1.000000 0.000000 0.000000 1.000000 -0.807529 -0.589827 1.000000;
0.382000 1.000000 0.000000 0.000000 1.000000 -0.803697 -0.595038 1.000000;
0.384000 1.000000 0.000000 0.000000 1.000000 -0.799717 -0.600377 1.000000;
0.386000 1.000000 0.000000 0.000000 1.000000 -0.795581 -0.605847 1.000000;
0.388000 1.000000 0.000000 0.000000 1.000000 -0.791284 -0.611449 1.000000;
0.390000 1.000000 0.000000 0.000000 1.000000 -0.786818 -0.617185 1.000000;
0.392000 1.000000 0.000000 0.000000 1.000000 -0.782176 -0.623058 1.000000;
0.394000 1.000000 0.000000 0.000000 1.000000 -0.777351 -0.629067 1.000000;
0.396000 1.000000 0.000000 0.000000 1.000000 -0.772334 -0.635216 1.000000;
0.398000 1.000000 0.000000 0.000000 1.000000 -0.767119 -0.641505 1.000000;
0.400000 1.000000 0.000000 0.000000 1.000000 -0.761695 -0.647936 1.000000;
0.402000 1.000000 0.000000 0.000000 1.000000 -0.756054 -0.654510 1.000000;
0.404000 1.000000 0.000000 0.000000 1.000000 -0.750186 -0.661226 1.000000;
0.406000 1.000000 0.000000 0.000000 1.000000 -0.744083 -0.668087 1.000000;
0.408000 1.000000 0.000000 0.000000 1.000000 -0.737733 -0.675092 1.000000;
0.410000 1.000000 0.000000 0.000000 1.000000 -0.731127 -0.682242 1.000000;
0.412000 1.000000 0.000000 0.000000 1.000000 -0.724252 -0.689535 1.000000;
0.414000 1.000000 0.000000 0.000000 1.000000 -0.717099 -0.696971 1.000000;
0.416000 1.000000 0.000000 0.000000 1.000000 -0.709655 -0.704549 1.000000;
0.418000 1.000000 0.000000 0.000000 1.000000 -0.701908 -0.712268 1.000000;
0.420000 1.000000 0.000000 0.000000 1.000000 -0.693845 -0.720124 1.000000;
0.422000 1.000000 0.000000 0.000000 1.000000 -0.685454 -0.728116 1.000000;
0.424000 1.000000 0.000000 0.000000 1.000000 -0.676721 -0.736239 1.000000;
0.426000 1.000000 0.000000 0.000000 1.000000 -0.667634 -0.744490 1.000000;
0.428000 1.000000 0.000000 0.000000 1.000000 -0.658177 -0.752863 1.000000;
0.430000 1.000000 0.000000 0.000000 1.000000 -0.648337 -0.761353 1.000000;
0.432000 1.000000 0.000000 0.000000 1.000000 -0.638100 -0.769954 1.000000;
0.434000 1.000000 0.000000 0.000000 1.000000 -0.627451 -0.778656 1.000000;
0.436000 1.000000 0.000000 0.000000 1.000000 -0.616376 -0.787452 1.000000;
0.438000 1.000000 0.000000 0.000000 1.000000 -0.604860 -0.796332 1.000000;
0.440000 1.000000 0.000000 0.000000 1.000000 -0.592889 -0.805284 1.000000;
0.442000 1.000000 0.000000 0.000000 1.000000 -0.580450 -0.814296 1.000000;
0.444000 1.000000 0.000000 0.000000 1.000000 -0.567527 -0.823355 1.000000;
0.446000 1.000000 0.000000 0.000000 1.000000 -0.554108 -0.832445 1.000000;
0.448000 1.000000 0.000000 0.000000 1.000000 -0.540180 -0.841550 1.000000;
0.450000 1.000000 0.000000 0.000000 1.000000 -0.525731 -0.850651 1.000000;
0.452000 1.000000 0.000000 0.000000 1.000000 -0.510751 -0.859729 1.000000;
0.454000 1.000000 0.000000 0.000000 1.000000 -0.495228 -0.868763 1.000000;
0.456000 1.000000 0.000000 0.000000 1.000000 -0.479156 -0.877730 1.000000;
0.458000 1.000000 0.000000 0.000000 1.000000 -0.462527 -0.886605 1.000000;
0.460000 1.000000 0.000000 0.000000 1.000000 -0.445336 -0.895364 1.000000;
0.462000 1.000000 0.000000 0.000000 1.000000 -0.427580 -0.903978 1.000000;
0.464000 1.000000 0.000000 0.000000 1.000000 -0.409258 -0.912419 1.000000;
0.466000 1.000000 0.000000 0.000000 1.000000 -0.390372 -0.920657 1.000000;
0.468000 1.000000 0.000000 0.000000 1.000000 -0.370926 -0.928662 1.000000;
0.470000 1.000000 0.000000 0.000000 1.000000 -0.350929 -0.936402 1.000000;
0.472000 1.000000 0.000000 0.000000 1.000000 -0.330389 -0.943845 1.000000;
0.474000 1.000000 0.000000 0.000000 1.000000 -0.309322 -0.950957 1.000000;
0.476000 1.000000 0.000000 0.000000 1.000000 -0.287744 -0.957707 1.000000;
0.478000 1.000000 0.000000 0.000000 1.000000 -0.265677 -0.964062 1.000000;
0.480000 1.000000 0.000000 0.000000 1.000000 -0.243144 -0.969990 1.000000;
0.482000 1.000000 0.000000 0.000000 1.000000 -0.220174 -0.975461 1.000000;
0.484000 1.000000 0.000000 0.000000 1.000000 -0.196798 -0.980444 1.000000;
0.486000 1.000000 0.000000 0.000000 1.000000 -0.173052 -0.984913 1.000000;
0.488000 1.000000 0.000000 0.000000 1.000000 -0.148973 -0.988841 1.000000;
0.490000 1.000000 0.000000 0.000000 1.000000 -0.124602 -0.992207 1.000000;
0.492000 1.000000 0.000000 0.000000 1.000000 -0.099985 -0.994989 1.000000;
0.494000 1.000000 0.000000 0.000000 1.000000 -0.075167 -0.997171 1.000000;
0.496000 1.000000 0.000000 0.000000 1.000000 -0.050197 -0.998739 1.000000;
0.498000 1.000000 0.000000 0.000000 1.000000 -0.025124 -0.999684 1.000000;
0.500000 1.000000 0.000000 0.000000 1.000000 -0.000000 -1.000000 1.000000;
0.502000 1.000000 0.000000 0.000000 1.000000 0.025124 -0.999684 1.000000;
0.504000 1.000000 0.000000 0.000000 1.000000 0.050197 -0.998739 1.000000;
0.506000 1.000000 0.000000 0.000000 1.000000 0.075167 -0.997171 1.000000;
0.508000 1.000000 0.000000 0.000000 1.000000 0.099985 -0.994989 1.000000;
0.510000 1.000000 0.000000 0.000000 1.000000 0.124602 -0.992207 1.000000;
0.512000 1.000000 0.000000 0.000000 1.000000 0.148973 -0.988841 1.000000;
0.514000 1.000000 0.000000 0.000000 1.000000 0.173052 -0.984913 1.000000;
0.516000 1.000000 0.000000 0.000000 1.000000 0.196798 -0.980444 1.000000;
0.518000 1.000000 0.000000 0.000000 1.000000 0.220174 -0.975461 1.000000;
0.520000 1.000000 0.000000 0.000000 1.000000 0.243144 -0.969990 1.000000;
0.522000 1.000000 0.000000 0.000000 1.000000 0.265677 -0.964062 1.000000;
0.524000 1.000000 0.000000 0.000000 1.000000 0.287744 -0.957707 1.000000;
0.526000 1.000000 0.000000 0.000000 1.000000 0.309322 -0.950957 1.000000;
0.528000 1.000000 0.000000 0.000000 1.000000 0.330389 -0.943845 1.000000;
0.530000 1.000000 0.000000 0.000000 1.000000 0.350929 -0.936402 1.000000;
0.532000 1.000000 0.000000 0.000000 1.000000 0.370926 -0.928662 1.000000;
0.534000 1.000000 0.000000 0.000000 1.000000 0.390372 -0.920657 1.000000;
0.536000 1.000000 0.000000 0.000000 1.000000 0.409258 -0.912419 1.000000;
0.538000 1.000000 0.000000 0.000000 1.000000 0.427580 -0.903978 1.000000;
0.540000 1.000000 0.000000 0.000000 1.000000 0.445336 -0.895364 1.000000;
0.542000 1.000000 0.000000 0.000000 1.000000 0.462527 -0.886605 1.000000;
0.544000 1.000000 0.000000 0.000000 1.000000 0.479156 -0.877730 1.000000;
0.546000 1.000000 0.000000 0.000000 1.000000 0.495228 -0.868763 1.000000;
0.548000 1.000000 0.000000 0.000000 1.000000 0.510751 -0.859729 1.000000;
0.550000 1.000000 0.000000 0.000000 1.000000 0.525731 -0.850651 1.000000;
0.552000 1.000000 0.000000 0.000000 1.000000 0.540180 -0.841550 1.000000;
0.554000 1.000000 0.000000 0.000000 1.000000 0.554108 -0.832445 1.000000;
0.556000 1.000000 0.000000 0.000000 1.000000 0.567527 -0.823355 1.000000;
0.558000 1.000000 0.000000 0.000000 1.000000 0.580450 -0.814296 1.000000;
0.560000 1.000000 0.000000 0.000000 1.000000 0.592889 -0.805284 1.000000;
0.562000 1.000000 0.000000 0.000000 1.000000 0.604860 -0.796332 1.000000;
0.564000 1.000000 0.000000 0.000000 1.000000 0.616376 -0.787452 1.000000;
0.566000 1.000000 0.000000 0.000000 1.000000 0.627451 -0.778656 1.000000;
0.568000 1.000000 0.000000 0.000000 1.000000 0.638100 -0.769954 1.000000;
0.570000 1.000000 0.000000 0.000000 1.000000 0.648337 -0.761353 1.000000;
0.572000 1.000000 0.000000 0.000000 1.000000 0.658177 -0.752863 1.000000;
0.574000 1.000000 0.000000 0.000000 1.000000 0.667634 -0.744490 1.000000;
0.576000 1.000000 0.000000 0.000000 1.000000 0.676721 -0.736239 1.000000;
0.578000 1.000000 0.000000 0.000000 1.000000 0.685454 -0.728116 1.000000;
0.580000 1.000000 0.000000 0.000000 1.000000 0.693845 -0.720124 1.000000;
0.582000 1.000000 0.000000 0.000000 1.000000 0.701908 -0.712268 1.000000;
0.584000 1.000000 0.000000 0.000000 1.000000 0.709655 -0.704549 1.000000;
0.586000 1.000000 0.000000 0.000000 1.000000 0.717099 -0.696971 1.000000;
0.588000 1.000000 0.000000 0.000000 1.000000 0.724252 -0.689535 1.000000;
0.590000 1.000000 0.000000 0.000000 1.000000 0.731127 -0.682242 1.000000;
0.592000 1.000000 0.000000 0.000000 1.000000 0.737733 -0.675092 1.000000;
0.594000 1.000000 0.000000 0.000000 1.000000 0.744083 -0.668087 1.000000;
0.596000 1.000000 0.000000 0.000000 1.000000 0.750186 -0.661226 1.000000;
0.598000 1.000000 0.000000 0.000000 1.000000 0.756054 -0.654510 1.000000;
0.600000 1.000000 0.000000 0.000000 1.000000 0.761695 -0.647936 1.000000;
0.602000 1.000000 0.000000 0.000000 1.000000 0.767119 -0.641505 1.000000;
0.604000 1.000000 0.000000 0.000000 1.000000 0.772334 -0.635216 1.000000;
0.606000 1.000000 0.000000 0.000000 1.000000 0.777351 -0.629067 1.000000;
0.608000 1.000000 0.000000 0.000000 1.000000 0.782176 -0.623058 1.000000;
0.610000 1.000000 0.000000 0.000000 1.000000 0.786818 -0.617185 1.000000;
0.612000 1.000000 0.000000 0.000000 1.000000 0.791284 -0.611449 1.000000;
0.614000 1.000000 0.000000 0.000000 1.000000 0.795581 -0.605847 1.000000;
0.616000 1.000000 0.000000 0.000000 1.000000 0.799717 -0.600377 1.000000;
0.618000 1.000000 0.000000 0.000000 1.000000 0.803697 -0.595038 1.000000;
0.620000 1.000000 0.000000 0.000000 1.000000 0.807529 -0.589827 1.000000;
0.622000 1.000000 0.000000 0.000000 1.000000 0.811218 -0.584743 1.000000;
0.624000 1.000000 0.000000 0.000000 1.000000 0.814770 -0.579784 1.000000;
0.626000 1.000000 0.000000 0.000000 1.000000 0.818191 -0.574947 1.000000;
0.628000 1.000000 0.000000 0.000000 1.000000 0.821485 -0.570231 1.000000;
0.630000 1.000000 0.000000 0.000000 1.000000 0.824657 -0.565633 1.000000;
0.632000 1.000000 0.000000 0.000000 1.000000 0.827713 -0.561151 1.000000;
0.634000 1.000000 0.000000 0.000000 1.000000 0.830657 -0.556785 1.000000;
0.636000 1.000000 0.000000 0.000000 1.000000 0.833493 -0.552530 1.000000;
0.638000 1.000000 0.000000 0.000000 1.000000 0.836225 -0.548386 1.000000;
0.640000 1.000000 0.000000 0.000000 1.000000 0.838858 -0.544350 1.000000;
0.642000 1.000000 0.000000 0.000000 1.000000 0.841395 -0.540421 1.000000;
0.644000 1.000000 0.000000 0.000000 1.000000 0.843839 -0.536596 1.000000;
0.646000 1.000000 0.000000 0.000000 1.000000 0.846194 -0.532874 1.000000;
0.648000 1.000000 0.000000 0.000000 1.000000 0.848464 -0.529253 1.000000;
0.650000 1.000000 0.000000 0.000000 1.000000 0.850651 -0.525731 1.000000;
0.652000 1.000000 0.000000 0.000000 1.000000 0.852758 -0.522306 1.000000;
0.654000 1.000000 0.000000 0.000000 1.000000 0.854788 -0.518977 1.000000;
0.656000 1.000000 0.000000 0.000000 1.000000 0.856745 -0.515741 1.000000;
0.658000 1.000000 0.000000 0.000000 1.000000 0.858629 -0.512597 1.000000;
0.660000 1.000000 0.000000 0.000000 1.000000 0.860445 -0.509544 1.000000;
0.662000 1.000000 0.000000 0.000000 1.000000 0.862193 -0.506580 1.000000;
0.664000 1.000000 0.000000 0.000000 1.000000 0.863877 -0.503703 1.000000;
0.666000 1.000000 0.000000 0.000000 1.000000 0.865498 -0.500912 1.000000;
0.668000 1.000000 0.000000 0.000000 0.978011 0.867059 -0.498205 0.944450;
0.670000 1.000000 0.000000 0.000000 0.944198 0.868562 -0.495581 0.861723;
0.672000 1.000000 0.000000 0.000000 0.909400 0.870007 -0.493039 0.779885;
0.674000 1.000000 0.000000 0.000000 0.873631 0.871398 -0.490577 0.699113;
0.676000 1.000000 0.000000 0.000000 0.836907 0.872735 -0.488194 0.619572;
0.678000 1.000000 0.000000 0.000000 0.799244 0.874021 -0.485888 0.541416;
0.680000 1.000000 0.000000 0.000000 0.760657 0.875256 -0.483659 0.464782;
0.682000 1.000000 0.000000 0.000000 0.721165 0.876443 -0.481506 0.389796;
0.684000 1.000000 0.000000 0.000000 0.680785 0.877582 -0.479427 0.316569;
0.686000 1.000000 0.000000 0.000000 0.639535 0.878675 -0.477420 0.245199;
0.688000 1.000000 0.000000 0.000000 0.597434 0.879723 -0.475486 0.175770;
0.690000 1.000000 0.000000 0.000000 0.554504 0.880728 -0.473623 0.108353;
0.692000 1.000000 0.000000 0.000000 0.510763 0.881689 -0.471830 0.043006;
0.694000 1.000000 0.000000 0.000000 0.466233 0.882610 -0.470106 -0.020223;
0.696000 1.000000 0.000000 0.000000 0.420937 0.883490 -0.468451 -0.081300;
0.698000 1.000000 0.000000 0.000000 0.374895 0.884330 -0.466863 -0.140203;
0.700000 1.000000 0.000000 0.000000 0.328131 0.885131 -0.465341 -0.196917;
0.702000 1.000000 0.000000 0.000000 0.280668 0.885895 -0.463885 -0.251441;
0.704000 1.000000 0.000000 0.000000 0.232530 0.886622 -0.462495 -0.303778;
0.706000 1.000000 0.000000 0.000000 0.183742 0.887313 -0.461168 -0.353945;
0.708000 1.000000 0.000000 0.000000 0.134327 0.887968 -0.459905 -0.401963;
0.710000 1.000000 0.000000 0.000000 0.084312 0.888588 -0.458705 -0.447861;
0.712000 1.000000 0.000000 0.000000 0.033722 0.889175 -0.457568 -0.491674;
0.714000 1.000000 0.000000 0.000000 -0.017417 0.889728 -0.456492 -0.533444;
0.716000 1.000000 0.000000 0.000000 -0.069078 0.890247 -0.455478 -0.573216;
0.718000 1.000000 0.000000 0.000000 -0.121234 0.890735 -0.454524 -0.611040;
0.720000 1.000000 0.000000 0.000000 -0.173859 0.891190 -0.453630 -0.646970;
0.722000 1.000000 0.000000 0.000000 -0.226924 0.891614 -0.452796 -0.681062;
0.724000 1.000000 0.000000 0.000000 -0.280401 0.892007 -0.452022 -0.713376;
0.726000 1.000000 0.000000 0.000000 -0.334263 0.892369 -0.451306 -0.743971;
0.728000 1.000000 0.000000 0.000000 -0.388481 0.892701 -0.450649 -0.772911;
0.730000 1.000000 0.000000 0.000000 -0.443026 0.893003 -0.450050 -0.800259;
0.732000 1.000000 0.000000 0.000000 -0.497869 0.893276 -0.449510 -0.826078;
0.734000 1.000000 0.000000 0.000000 -0.552981 0.893519 -0.449026 -0.850433;
0.736000 1.000000 0.000000 0.000000 -0.608332 0.893732 -0.448601 -0.873386;
0.738000 1.000000 0.000000 0.000000 -0.663894 0.893917 -0.448232 -0.895002;
0.740000 1.000000 0.000000 0.000000 -0.719635 0.894073 -0.447921 -0.915341;
0.742000 1.000000 0.000000 0.000000 -0.775528 0.894201 -0.447666 -0.934467;
0.744000 1.000000 0.000000 0.000000 -0.831540 0.894300 -0.447468 -0.952437;
0.746000 1.000000 0.000000 0.000000 -0.887643 0.894371 -0.447327 -0.969312;
0.748000 1.000000 0.000000 0.000000 -0.943807 0.894413 -0.447242 -0.985148;
0.750000 1.000000 0.000000 0.000000 -1.000000 0.832050 -0.554700 -1.000000;
0.752000 1.000000 0.000000 0.000000 -0.943807 -0.894413 0.447242 -0.985148;
0.754000 1.000000 0.000000 0.000000 -0.887643 -0.894371 0.447327 -0.969312;
0.756000 1.000000 0.000000 0.000000 -0.831540 -0.894300 0.447468 -0.952437;
0.758000 1.000000 0.000000 0.000000 -0.775528 -0.894201 0.447666 -0.934467;
0.760000 1.000000 0.000000 0.000000 -0.719635 -0.894073 0.447921 -0.915341;
0.762000 1.000000 0.000000 0.000000 -0.663894 -0.893917 0.448232 -0.895002;
0.764000 1.000000 0.000000 0.000000 -0.608332 -0.893732 0.448601 -0.873386;
0.766000 1.000000 0.000000 0.000000 -0.552981 -0.893519 0.449026 -0.850433;
0.768000 1.000000 0.000000 0.000000 -0.497869 -0.893276 0.449510 -0.826078;
0.770000 1.000000 0.000000 0.000000 -0.443026 -0.893003 0.450050 -0.800259;
0.772000 1.000000 0.000000 0.000000 -0.388481 -0.892701 0.450649 -0.772911;
0.774000 1.000000 0.000000 0.000000 -0.334263 -0.892369 0.451306 -0.743971;
0.776000 1.000000 0.000000 0.000000 -0.280401 -0.892007 0.452022 -0.713376;
0.778000 1.000000 0.000000 0.000000 -0.226924 -0.891614 0.452796 -0.681062;
0.780000 1.000000 0.000000 0.000000 -0.173859 -0.891190 0.453630 -0.646970;
0.782000 1.000000 0.000000 0.000000 -0.121234 -0.890735 0.454524 -0.611040;
0.784000 1.000000 0.000000 0.000000 -0.069078 -0.890247 0.455478 -0.573216;
0.786000 1.000000 0.000000 0.000000 -0.017417 -0.889728 0.456492 -0.533444;
0.788000 1.000000 0.000000 0.000000 0.033722 -0.889175 0.457568 -0.491674;
0.790000 1.000000 0.000000 0.000000 0.084312 -0.888588 0.458705 -0.447861;
0.792000 1.000000 0.000000 0.000000 0.134327 -0.887968 0.459905 -0.401963;
0.794000 1.000000 0.000000 0.000000 0.183742 -0.887313 0.461168 -0.353945;
0.796000 1.000000 0.000000 0.000000 0.232530 -0.886622 0.462495 -0.303778;
0.798000 1.000000 0.000000 0.000000 0.280668 -0.885895 0.463885 -0.251441;
0.800000 1.000000 0.000000 0.000000 0.328131 -0.885131 0.465341 -0.196917;
0.802000 1.000000 0.000000 0.000000 0.374895 -0.884330 0.466863 -0.140203;
0.804000 1.000000 0.000000 0.000000 0.420937 -0.883490 0.468451 -0.081300;
0.806000 1.000000 0.000000 0.000000 0.466233 -0.882610 0.470106 -0.020223;
0.808000 1.000000 0.000000 0.000000 0.510763 -0.881689 0.471830 0.043006;
0.810000 1.000000 0.000000 0.000000 0.554504 -0.880728 0.473623 0.108353;
0.812000 1.000000 0.000000 0.000000 0.597434 -0.879723 0.475486 0.175770;
0.814000 1.000000 0.000000 0.000000 0.639535 -0.878675 0.477420 0.245199;
0.816000 1.000000 0.000000 0.000000 0.680785 -0.877582 0.479427 0.316569;
0.818000 1.000000 0.000000 0.000000 0.721165 -0.876443 0.481506 0.389796;
0.820000 1.000000 0.000000 0.000000 0.760657 -0.875256 0.483659 0.464782;
0.822000 1.000000 0.000000 0.000000 0.799244 -0.874021 0.485888 0.541416;
0.824000 1.000000 0.000000 0.000000 0.836907 -0.872735 0.488194 0.619572;
0.826000 1.000000 0.000000 0.000000 0.873631 -0.871398 0.490577 0.699113;
0.828000 1.000000 0.000000 0.000000 0.909400 -0.870007 0.493039 0.779885;
0.830000 1.000000 0.000000 0.000000 0.944198 -0.868562 0.495581 0.861723;
0.832000 1.000000 0.000000 0.000000 0.978011 -0.867059 0.498205 0.944450;
0.834000 1.000000 0.000000 0.000000 1.000000 -0.865498 0.500912 1.000000;
0.836000 1.000000 0.000000 0.000000 1.000000 -0.863877 0.503703 1.000000;
0.838000 1.000000 0.000000 0.000000 1.000000 -0.862193 0.506580 1.000000;
0.840000 1.000000 0.000000 0.000000 1.000000 -0.860445 0.509544 1.000000;
0.842000 1.000000 0.000000 0.000000 1.000000 -0.858629 0.512597 1.000000;
0.844000 1.000000 0.000000 0.000000 1.000000 -0.856745 0.515741 1.000000;
0.846000 1.000000 0.000000 0.000000 1.000000 -0.854788 0.518977 1.000000;
0.848000 1.000000 0.000000 0.000000 1.000000 -0.852758 0.522306 1.000000;
0.850000 1.000000 0.000000 0.000000 1.000000 -0.850651 0.525731 1.000000;
0.852000 1.000000 0.000000 0.000000 1.000000 -0.848464 0.529253 1.000000;
0.854000 1.000000 0.000000 0.000000 1.000000 -0.846194 0.532874 1.000000;
0.856000 1.000000 0.000000 0.000000 1.000000 -0.843839 0.536596 1.000000;
0.858000 1.000000 0.000000 0.000000 1.000000 -0.841395 0.540421 1.000000;
0.860000 1.000000 0.000000 0.000000 1.000000 -0.838858 0.544350 1.000000;
0.862000 1.000000 0.000000 0.000000 1.000000 -0.836225 0.548386 1.000000;
0.864000 1.000000 0.000000 0.000000 1.000000 -0.833493 0.552530 1.000000;
0.866000 1.000000 0.000000 0.000000 1.000000 -0.830657 0.556785 1.000000;
0.868000 1.000000 0.000000 0.000000 1.000000 -0.827713 0.561151 1.000000;
0.870000 1.000000 0.000000 0.000000 1.000000 -0.824657 0.565633 1.000000;
0.872000 1.000000 0.000000 0.000000 1.000000 -0.821485 0.570231 1.000000;
0.874000 1.000000 0.000000 0.000000 1.000000 -0.818191 0.574947 1.000000;
0.876000 1.000000 0.000000 0.000000 1.000000 -0.814770 0.579784 1.000000;
0.878000 1.000000 0.000000 0.000000 1.000000 -0.811218 0.584743 1.000000;
0.880000 1.000000 0.000000 0.000000 1.000000 -0.807529 0.589827 1.000000;
0.882000 1.000000 0.000000 0.000000 1.000000 -0.803697 0.595038 1.000000;
0.884000 1.000000 0.000000 0.000000 1.000000 -0.799717 0.600377 1.000000;
0.886000 1.000000 0.000000 0.000000 1.000000 -0.795581 0.605847 1.000000;
0.888000 1.000000 0.000000 0.000000 1.000000 -0.791284 0.611449 1.000000;
0.890000 1.000000 0.000000 0.000000 1.000000 -0.786818 0.617185 1.000000;
0.892000 1.000000 0.000000 0.000000 1.000000 -0.782176 0.623058 1.000000;
0.894000 1.000000 0.000000 0.000000 1.000000 -0.777351 0.629067 1.000000;
0.896000 1.000000 0.000000 0.000000 1.000000 -0.772334 0.635216 1.000000;
0.898000 1.000000 0.000000 0.000000 1.000000 -0.767119 0.641505 1.000000;
0.900000 1.000000 0.000000 0.000000 1.000000 -0.761695 0.647936 1.000000;
0.902000 1.000000 0.000000 0.000000 1.000000 -0.756054 0.654510 1.000000;
0.904000 1.000000 0.000000 0.000000 1.000000 -0.750186 0.661226 1.000000;
0.906000 1.000000 0.000000 0.000000 1.000000 -0.744083 0.668087 1.000000;
0.908000 1.000000 0.000000 0.000000 1.000000 -0.737733 0.675092 1.000000;
0.910000 1.000000 0.000000 0.000000 1.000000 -0.731127 0.682242 1.000000;
0.912000 1.000000 0.000000 0.000000 1.000000 -0.724252 0.689535 1.000000;
0.914000 1.000000 0.000000 0.000000 1.000000 -0.717099 0.696971 1.000000;
0.916000 1.000000 0.000000 0.000000 1.000000 -0.709655 0.704549 1.000000;
0.918000 1.000000 0.000000 0.000000 1.000000 -0.701908 0.712268 1.000000;
0.920000 1.000000 0.000000 0.000000 1.000000 -0.693845 0.720124 1.000000;
0.922000 1.000000 0.000000 0.000000 1.000000 -0.685454 0.728116 1.000000;
0.924000 1.000000 0.000000 0.000000 1.000000 -0.676721 0.736239 1.000000;
0.926000 1.000000 0.000000 0.000000 1.000000 -0.667634 0.744490 1.000000;
0.928000 1.000000 0.000000 0.000000 1.000000 -0.658177 0.752863 1.000000;
0.930000 1.000000 0.000000 0.000000 1.000000 -0.648337 0.761353 1.000000;
0.932000 1.000000 0.000000 0.000000 1.000000 -0.638100 0.769954 1.000000;
0.934000 1.000000 0.000000 0.000000 1.000000 -0.627451 0.778656 1.000000;
0.936000 1.000000 0.000000 0.000000 1.000000 -0.616376 0.787452 1.000000;
0.938000 1.000000 0.000000 0.000000 1.000000 -0.604860 0.796332 1.000000;
0.940000 1.000000 0.000000 0.000000 1.000000 -0.592889 0.805284 1.000000;
0.942000 1.000000 0.000000 0.000000 1.000000 -0.580450 0.814296 1.000000;
0.944000 1.000000 0.000000 0.000000 1.000000 -0.567527 0.823355 1.000000;
0.946000 1.000000 0.000000 0.000000 1.000000 -0.554108 0.832445 1.000000;
0.948000 1.000000 0.000000 0.000000 1.000000 -0.540180 0.841550 1.000000;
0.950000 1.000000 0.000000 0.000000 1.000000 -0.525731 0.850651 1.000000;
0.952000 1.000000 0.000000 0.000000 1.000000 -0.510751 0.859729 1.000000;
0.954000 1.000000 0.000000 0.000000 1.000000 -0.495228 0.868763 1.000000;
0.956000 1.000000 0.000000 0.000000 1.000000 -0.479156 0.877730 1.000000;
0.958000 1.000000 0.000000 0.000000 1.000000 -0.462527 0.886605 1.000000;
0.960000 1.000000 0.000000 0.000000 1.000000 -0.445336 0.895364 1.000000;
0.962000 1.000000 0.000000 0.000000 1.000000 -0.427580 0.903978 1.000000;
0.964000 1.000000 0.000000 0.000000 1.000000 -0.409258 0.912419 1.000000;
0.966000 1.000000 0.000000 0.000000 1.000000 -0.390372 0.920657 1.000000;
0.968000 1.000000 0.000000 0.000000 1.000000 -0.370926 0.928662 1.000000;
0.970000 1.000000 0.000000 0.000000 1.000000 -0.350929 0.936402 1.000000;
0.972000 1.000000 0.000000 0.000000 1.000000 -0.330389 0.943845 1.000000;
0.974000 1.000000 0.000000 0.000000 1.000000 -0.309322 0.950957 1.000000;
0.976000 1.000000 0.000000 0.000000 1.000000 -0.287744 0.957707 1.000000;
0.978000 1.000000 0.000000 0.000000 1.000000 -0.265677 0.964062 1.000000;
0.980000 1.000000 0.000000 0.000000 1.000000 -0.243144 0.969990 1.000000;
0.982000 1.000000 0.000000 0.000000 1.000000 -0.220174 0.975461 1.000000;
0.984000 1.000000 0.000000 0.000000 1.000000 -0.196798 0.980444 1.000000;
0.986000 1.000000 0.000000 0.000000 1.000000 -0.173052 0.984913 1.000000;
0.988000 1.000000 0.000000 0.000000 1.000000 -0.148973 0.988841 1.000000;
0.990000 1.000000 0.000000 0.000000 1.000000 -0.124602 0.992207 1.000000;
0.992000 1.000000 0.000000 0.000000 1.000000 -0.099985 0.994989 1.000000;
0.994000 1.000000 0.000000 0.000000 1.000000 -0.075167 0.997171 1.000000;
0.996000 1.000000 0.000000 0.000000 1.000000 -0.050197 0.998739 1.000000;
0.998000 1.000000 0.000000 0.000000 1.000000 -0.025124 0.999684 1.000000;
1.000000 1.000000 0.000000 0.000000 1.000000 -0.000000 1.000000 1.000000;
0.000000 0.000000 1.000000 0.000000 1.000000 0.000000 1.000000 -1.000000;
0.002000 0.000000 1.000000 0.000000 1.000000 0.075327 0.997159 -1.000000;
0.004000 0.000000 1.000000 0.000000 1.000000 0.150226 0.988652 -1.000000;
0.006000 0.000000 1.000000 0.000000 1.000000 0.224271 0.974527 -1.000000;
0.008000 0.000000 1.000000 0.000000 1.000000 0.297042 0.954865 -1.000000;
0.010000 0.000000 1.000000 0.000000 1.000000 0.368125 0.929776 -1.000000;
0.012000 0.000000 1.000000 0.000000 1.000000 0.437116 0.899405 -1.000000;
0.014000 0.000000 1.000000 0.000000 1.000000 0.503623 0.863923 -1.000000;
0.016000 0.000000 1.000000 0.000000 1.000000 0.567269 0.823533 -1.000000;
0.018000 0.000000 1.000000 0.000000 1.000000 0.627691 0.778462 -1.000000;
0.020000 0.000000 1.000000 0.000000 1.000000 0.684547 0.728969 -1.000000;
0.022000 0.000000 1.000000 0.000000 1.000000 0.737513 0.675333 -1.000000;
0.024000 0.000000 1.000000 0.000000 1.000000 0.786288 0.617860 -1.000000;
0.026000 0.000000 1.000000 0.000000 1.000000 0.830596 0.556876 -1.000000;
0.028000 0.000000 1.000000 0.000000 1.000000 0.870184 0.492727 -1.000000;
0.030000 0.000000 1.000000 0.000000 1.000000 0.904827 0.425779 -1.000000;
0.032000 0.000000 1.000000 0.000000 1.000000 0.934329 0.356412 -1.000000;
0.034000 0.000000 1.000000 0.000000 1.000000 0.958522 0.285019 -1.000000;
0.036000 0.000000 1.000000 0.000000 1.000000 0.977268 0.212007 -1.000000;
0.038000 0.000000 1.000000 0.000000 1.000000 0.990461 0.137790 -1.000000;
0.040000 0.000000 1.000000 0.000000 1.000000 0.998027 0.062791 -1.000000;
0.042000 0.000000 1.000000 0.000000 1.000000 0.999921 -0.012566 -1.000000;
0.044000 0.000000 1.000000 0.000000 1.000000 0.996134 -0.087851 -1.000000;
0.046000 0.000000 1.000000 0.000000 1.000000 0.986686 -0.162637 -1.000000;
0.048000 0.000000 1.000000 0.000000 1.000000 0.971632 -0.236499 -1.000000;
0.050000 0.000000 1.000000 0.000000 1.000000 0.951057 -0.309017 -1.000000;
0.052000 0.000000 1.000000 0.000000 1.000000 0.925077 -0.379779 -1.000000;
0.054000 0.000000 1.000000 0.000000 1.000000 0.893841 -0.448383 -1.000000;
0.056000 0.000000 1.000000 0.000000 1.000000 0.857527 -0.514440 -1.000000;
0.058000 0.000000 1.000000 0.000000 1.000000 0.816339 -0.577573 -1.000000;
0.060000 0.000000 1.000000 0.000000 1.000000 0.770513 -0.637424 -1.000000;
0.062000 0.000000 1.000000 0.000000 1.000000 0.720309 -0.693653 -1.000000;
0.064000 0.000000 1.000000 0.000000 1.000000 0.666012 -0.745941 -1.000000;
0.066000 0.000000 1.000000 0.000000 1.000000 0.607930 -0.793990 -1.000000;
0.068000 0.000000 1.000000 0.000000 1.000000 0.546394 -0.837528 -1.000000;
0.070000 0.000000 1.000000 0.000000 1.000000 0.481754 -0.876307 -1.000000;
0.072000 0.000000 1.000000 0.000000 1.000000 0.414376 -0.910106 -1.000000;
0.074000 0.000000 1.000000 0.000000 1.000000 0.344643 -0.938734 -1.000000;
0.076000 0.000000 1.000000 0.000000 1.000000 0.272952 -0.962028 -1.000000;
0.078000 0.000000 1.000000 0.000000 1.000000 0.199710 -0.979855 -1.000000;
0.080000 0.000000 1.000000 0.000000 1.000000 0.125333 -0.992115 -1.000000;
0.082000 0.000000 1.000000 0.000000 1.000000 0.050244 -0.998737 -1.000000;
0.084000 0.000000 1.000000 0.000000 1.000000 -0.025130 -0.999684 -1.000000;
0.086000 0.000000 1.000000 0.000000 1.000000 -0.100362 -0.994951 -1.000000;
0.088000 0.000000 1.000000 0.000000 1.000000 -0.175023 -0.984564 -1.000000;
0.090000 0.000000 1.000000 0.000000 1.000000 -0.248690 -0.968583 -1.000000;
0.092000 0.000000 1.000000 0.000000 1.000000 -0.320944 -0.947098 -1.000000;
0.094000 0.000000 1.000000 0.000000 1.000000 -0.391374 -0.920232 -1.000000;
0.096000 0.000000 1.000000 0.000000 1.000000 -0.459580 -0.888136 -1.000000;
0.098000 0.000000 1.000000 0.000000 1.000000 -0.525175 -0.850994 -1.000000;
0.100000 0.000000 1.000000 0.000000 1.000000 -0.587785 -0.809017 -1.000000;
0.102000 0.000000 1.000000 0.000000 1.000000 -0.647056 -0.762443 -1.000000;
0.104000 0.000000 1.000000 0.000000 1.000000 -0.702650 -0.711536 -1.000000;
0.106000 0.000000 1.000000 0.000000 1.000000 -0.754251 -0.656586 -1.000000;
0.108000 0.000000 1.000000 0.000000 1.000000 -0.801567 -0.597905 -1.000000;
0.110000 0.000000 1.000000 0.000000 1.000000 -0.844328 -0.535827 -1.000000;
0.112000 0.000000 1.000000 0.000000 1.000000 -0.882291 -0.470704 -1.000000;
0.114000 0.000000 1.000000 0.000000 1.000000 -0.915241 -0.402906 -1.000000;
0.116000 0.000000 1.000000 0.000000 1.000000 -0.942991 -0.332820 -1.000000;
0.118000 0.000000 1.000000 0.000000 1.000000 -0.965382 -0.260842 -1.000000;
0.120000 0.000000 1.000000 0.000000 1.000000 -0.982287 -0.187381 -1.000000;
0.122000 0.000000 1.000000 0.000000 1.000000 -0.993611 -0.112856 -1.000000;
0.124000 0.000000 1.000000 0.000000 1.000000 -0.999289 -0.037690 -1.000000;
0.126000 0.000000 1.000000 0.000000 1.000000 -0.999289 0.037690 -1.000000;
0.128000 0.000000 1.000000 0.000000 1.000000 -0.993611 0.112856 -1.000000;
0.130000 0.000000 1.000000 0.000000 1.000000 -0.982287 0.187381 -1.000000;
0.132000 0.000000 1.000000 0.000000 1.000000 -0.965382 0.260842 -1.000000;
0.134000 0.000000 1.000000 0.000000 1.000000 -0.942991 0.332820 -1.000000;
0.136000 0.000000 1.000000 0.000000 1.000000 -0.915241 0.402906 -1.000000;
0.138000 0.000000 1.000000 0.000000 1.000000 -0.882291 0.470704 -1.000000;
0.140000 0.000000 1.000000 0.000000 1.000000 -0.844328 0.535827 -1.000000;
0.142000 0.000000 1.000000 0.000000 1.000000 -0.801567 0.597905 -1.000000;
0.144000 0.000000 1.000000 0.000000 1.000000 -0.754251 0.656586 -1.000000;
0.146000 0.000000 1.000000 0.000000 1.000000 -0.702650 0.711536 -1.000000;
0.148000 0.000000 1.000000 0.000000 1.000000 -0.647056 0.762443 -1.000000;
0.150000 0.000000 1.000000 0.000000 1.000000 -0.587785 0.809017 -1.000000;
0.152000 0.000000 1.000000 0.000000 1.000000 -0.525175 0.850994 -1.000000;
0.154000 0.000000 1.000000 0.000000 1.000000 -0.459580 0.888136 -1.000000;
0.156000 0.000000 1.000000 0.000000 1.000000 -0.391374 0.920232 -1.000000;
0.158000 0.000000 1.000000 0.000000 1.000000 -0.320944 0.947098 -1.000000;
0.160000 0.000000 1.000000 0.000000 1.000000 -0.248690 0.968583 -1.000000;
0.162000 0.000000 1.000000 0.000000 1.000000 -0.175023 0.984564 -1.000000;
0.164000 0.000000 1.000000 0.000000 1.000000 -0.100362 0.994951 -1.000000;
0.166000 0.000000 1.000000 0.000000 1.000000 -0.025130 0.999684 -1.000000;
0.168000 0.000000 1.000000 0.000000 0.580000 0.050244 0.998737 0.856444;
0.170000 0.000000 1.000000 0.000000 0.580000 0.125333 0.992115 0.856444;
0.172000 0.000000 1.000000 0.000000 0.580000 0.199710 0.979855 0.856444;
0.174000 0.000000 1.000000 0.000000 0.580000 0.272952 0.962028 0.856444;
0.176000 0.000000 1.000000 0.000000 0.580000 0.344643 0.938734 0.856444;
0.178000 0.000000 1.000000 0.000000 0.580000 0.414376 0.910106 0.856444;
0.180000 0.000000 1.000000 0.000000 0.580000 0.481754 0.876307 0.856444;
0.182000 0.000000 1.000000 0.000000 0.580000 0.546394 0.837528 0.856444;
0.184000 0.000000 1.000000 0.000000 0.580000 0.607930 0.793990 0.856444;
0.186000 0.000000 1.000000 0.000000 0.580000 0.666012 0.745941 0.856444;
0.188000 0.000000 1.000000 0.000000 0.580000 0.720309 0.693653 0.856444;
0.190000 0.000000 1.000000 0.000000 0.580000 0.770513 0.637424 0.856444;
0.192000 0.000000 1.000000 0.000000 0.580000 0.816339 0.577573 0.856444;
0.194000 0.000000 1.000000 0.000000 0.580000 0.857527 0.514440 0.856444;
0.196000 0.000000 1.000000 0.000000 0.580000 0.893841 0.448383 0.856444;
0.198000 0.000000 1.000000 0.000000 0.580000 0.925077 0.379779 0.856444;
0.200000 0.000000 1.000000 0.000000 0.580000 0.951057 0.309017 0.856444;
0.202000 0.000000 1.000000 0.000000 0.580000 0.971632 0.236499 0.856444;
0.204000 0.000000 1.000000 0.000000 0.580000 0.986686 0.162637 0.856444;
0.206000 0.000000 1.000000 0.000000 0.580000 0.996134 0.087851 0.856444;
0.208000 0.000000 1.000000 0.000000 0.580000 0.999921 0.012566 0.856444;
0.210000 0.000000 1.000000 0.000000 0.580000 0.998027 -0.062791 0.856444;
0.212000 0.000000 1.000000 0.000000 0.580000 0.990461 -0.137790 0.856444;
0.214000 0.000000 1.000000 0.000000 0.580000 0.977268 -0.212007 0.856444;
0.216000 0.000000 1.000000 0.000000 0.580000 0.958522 -0.285019 0.856444;
0.218000 0.000000 1.000000 0.000000 0.580000 0.934329 -0.356412 0.856444;
0.220000 0.000000 1.000000 0.000000 0.580000 0.904827 -0.425779 0.856444;
0.222000 0.000000 1.000000 0.000000 0.580000 0.870184 -0.492727 0.856444;
0.224000 0.000000 1.000000 0.000000 0.580000 0.830596 -0.556876 0.856444;
0.226000 0.000000 1.000000 0.000000 0.580000 0.786288 -0.617860 0.856444;
0.228000 0.000000 1.000000 0.000000 0.580000 0.737513 -0.675333 0.856444;
0.230000 0.000000 1.000000 0.000000 0.580000 0.684547 -0.728969 0.856444;
0.232000 0.000000 1.000000 0.000000 0.580000 0.627691 -0.778462 0.856444;
0.234000 0.000000 1.000000 0.000000 0.580000 0.567269 -0.823533 0.856444;
0.236000 0.000000 1.000000 0.000000 0.580000 0.503623 -0.863923 0.856444;
0.238000 0.000000 1.000000 0.000000 0.580000 0.437116 -0.899405 0.856444;
0.240000 0.000000 1.000000 0.000000 0.580000 0.368125 -0.929776 0.856444;
0.242000 0.000000 1.000000 0.000000 0.580000 0.297042 -0.954865 0.856444;
0.244000 0.000000 1.000000 0.000000 0.580000 0.224271 -0.974527 0.856444;
0.246000 0.000000 1.000000 0.000000 0.580000 0.150226 -0.988652 0.856444;
0.248000 0.000000 1.000000 0.000000 0.580000 0.075327 -0.997159 0.856444;
0.250000 0.000000 1.000000 0.000000 0.580000 0.000000 -1.000000 0.856444;
0.252000 0.000000 1.000000 0.000000 0.580000 -0.075327 -0.997159 0.856444;
0.254000 0.000000 1.000000 0.000000 0.580000 -0.150226 -0.988652 0.856444;
0.256000 0.000000 1.000000 0.000000 0.580000 -0.224271 -0.974527 0.856444;
0.258000 0.000000 1.000000 0.000000 0.580000 -0.297042 -0.954865 0.856444;
0.260000 0.000000 1.000000 0.000000 0.580000 -0.368125 -0.929776 0.856444;
0.262000 0.000000 1.000000 0.000000 0.580000 -0.437116 -0.899405 0.856444;
0.264000 0.000000 1.000000 0.000000 0.580000 -0.503623 -0.863923 0.856444;
0.266000 0.000000 1.000000 0.000000 0.580000 -0.567269 -0.823533 0.856444;
0.268000 0.000000 1.000000 0.000000 0.580000 -0.627691 -0.778462 0.856444;
0.270000 0.000000 1.000000 0.000000 0.580000 -0.684547 -0.728969 0.856444;
0.272000 0.000000 1.000000 0.000000 0.580000 -0.737513 -0.675333 0.856444;
0.274000 0.000000 1.000000 0.000000 0.580000 -0.786288 -0.617860 0.856444;
0.276000 0.000000 1.000000 0.000000 0.580000 -0.830596 -0.556876 0.856444;
0.278000 0.000000 1.000000 0.000000 0.580000 -0.870184 -0.492727 0.856444;
0.280000 0.000000 1.000000 0.000000 0.580000 -0.904827 -0.425779 0.856444;
0.282000 0.000000 1.000000 0.000000 0.580000 -0.934329 -0.356412 0.856444;
0.284000 0.000000 1.000000 0.000000 0.580000 -0.958522 -0.285019 0.856444;
0.286000 0.000000 1.000000 0.000000 0.580000 -0.977268 -0.212007 0.856444;
0.288000 0.000000 1.000000 0.000000 0.580000 -0.990461 -0.137790 0.856444;
0.290000 0.000000 1.000000 0.000000 0.580000 -0.998027 -0.062791 0.856444;
0.292000 0.000000 1.000000 0.000000 0.580000 -0.999921 0.012566 0.856444;
0.294000 0.000000 1.000000 0.000000 0.580000 -0.996134 0.087851 0.856444;
0.296000 0.000000 1.000000 0.000000 0.580000 -0.986686 0.162637 0.856444;
0.298000 0.000000 1.000000 0.000000 0.580000 -0.971632 0.236499 0.856444;
0.300000 0.000000 1.000000 0.000000 0.580000 -0.951057 0.309017 0.856444;
0.302000 0.000000 1.000000 0.000000 0.580000 -0.925077 0.379779 0.856444;
0.304000 0.000000 1.000000 0.000000 0.580000 -0.893841 0.448383 0.856444;
0.306000 0.000000 1.000000 0.000000 0.580000 -0.857527 0.514440 0.856444;
0.308000 0.000000 1.000000 0.000000 0.580000 -0.816339 0.577573 0.856444;
0.310000 0.000000 1.000000 0.000000 0.580000 -0.770513 0.637424 0.856444;
0.312000 0.000000 1.000000 0.000000 0.580000 -0.720309 0.693653 0.856444;
0.314000 0.000000 1.000000 0.000000 0.580000 -0.666012 0.745941 0.856444;
0.316000 0.000000 1.000000 0.000000 0.580000 -0.607930 0.793990 0.856444;
0.318000 0.000000 1.000000 0.000000 0.580000 -0.546394 0.837528 0.856444;
0.320000 0.000000 1.000000 0.000000 0.580000 -0.481754 0.876307 0.856444;
0.322000 0.000000 1.000000 0.000000 0.580000 -0.414376 0.910106 0.856444;
0.324000 0.000000 1.000000 0.000000 0.580000 -0.344643 0.938734 0.856444;
0.326000 0.000000 1.000000 0.000000 0.580000 -0.272952 0.962028 0.856444;
0.328000 0.000000 1.000000 0.000000 0.580000 -0.199710 0.979855 0.856444;
0.330000 0.000000 1.000000 0.000000 0.580000 -0.125333 0.992115 0.856444;
0.332000 0.000000 1.000000 0.000000 0.580000 -0.050244 0.998737 0.856444;
0.334000 0.000000 1.000000 0.000000 0.180000 0.025130 0.999684 0.074222;
0.336000 0.000000 1.000000 0.000000 0.180000 0.100362 0.994951 0.074222;
0.338000 0.000000 1.000000 0.000000 0.180000 0.175023 0.984564 0.074222;
0.340000 0.000000 1.000000 0.000000 0.180000 0.248690 0.968583 0.074222;
0.342000 0.000000 1.000000 0.000000 0.180000 0.320944 0.947098 0.074222;
0.344000 0.000000 1.000000 0.000000 0.180000 0.391374 0.920232 0.074222;
0.346000 0.000000 1.000000 0.000000 0.180000 0.459580 0.888136 0.074222;
0.348000 0.000000 1.000000 0.000000 0.180000 0.525175 0.850994 0.074222;
0.350000 0.000000 1.000000 0.000000 0.180000 0.587785 0.809017 0.074222;
0.352000 0.000000 1.000000 0.000000 0.180000 0.647056 0.762443 0.074222;
0.354000 0.000000 1.000000 0.000000 0.180000 0.702650 0.711536 0.074222;
0.356000 0.000000 1.000000 0.000000 0.180000 0.754251 0.656586 0.074222;
0.358000 0.000000 1.000000 0.000000 0.180000 0.801567 0.597905 0.074222;
0.360000 0.000000 1.000000 0.000000 0.180000 0.844328 0.535827 0.074222;
0.362000 0.000000 1.000000 0.000000 0.180000 0.882291 0.470704 0.074222;
0.364000 0.000000 1.000000 0.000000 0.180000 0.915241 0.402906 0.074222;
0.366000 0.000000 1.000000 0.000000 0.180000 0.942991 0.332820 0.074222;
0.368000 0.000000 1.000000 0.000000 0.180000 0.965382 0.260842 0.074222;
0.370000 0.000000 1.000000 0.000000 0.180000 0.982287 0.187381 0.074222;
0.372000 0.000000 1.000000 0.000000 0.180000 0.993611 0.112856 0.074222;
0.374000 0.000000 1.000000 0.000000 0.180000 0.999289 0.037690 0.074222;
0.376000 0.000000 1.000000 0.000000 0.180000 0.999289 -0.037690 0.074222;
0.378000 0.000000 1.000000 0.000000 0.180000 0.993611 -0.112856 0.074222;
0.380000 0.000000 1.000000 0.000000 0.180000 0.982287 -0.187381 0.074222;
0.382000 0.000000 1.000000 0.000000 0.180000 0.965382 -0.260842 0.074222;
0.384000 0.000000 1.000000 0.000000 0.180000 0.942991 -0.332820 0.074222;
0.386000 0.000000 1.000000 0.000000 0.180000 0.915241 -0.402906 0.074222;
0.388000 0.000000 1.000000 0.000000 0.180000 0.882291 -0.470704 0.074222;
0.390000 0.000000 1.000000 0.000000 0.180000 0.844328 -0.535827 0.074222;
0.392000 0.000000 1.000000 0.000000 0.180000 0.801567 -0.597905 0.074222;
0.394000 0.000000 1.000000 0.000000 0.180000 0.754251 -0.656586 0.074222;
0.396000 0.000000 1.000000 0.000000 0.180000 0.702650 -0.711536 0.074222;
0.398000 0.000000 1.000000 0.000000 0.180000 0.647056 -0.762443 0.074222;
0.400000 0.000000 1.000000 0.000000 0.180000 0.587785 -0.809017 0.074222;
0.402000 0.000000 1.000000 0.000000 0.180000 0.525175 -0.850994 0.074222;
0.404000 0.000000 1.000000 0.000000 0.180000 0.459580 -0.888136 0.074222;
0.406000 0.000000 1.000000 0.000000 0.180000 0.391374 -0.920232 0.074222;
0.408000 0.000000 1.000000 0.000000 0.180000 0.320944 -0.947098 0.074222;
0.410000 0.000000 1.000000 0.000000 0.180000 0.248690 -0.968583 0.074222;
0.412000 0.000000 1.000000 0.000000 0.180000 0.175023 -0.984564 0.074222;
0.414000 0.000000 1.000000 0.000000 0.180000 0.100362 -0.994951 0.074222;
0.416000 0.000000 1.000000 0.000000 0.180000 0.025130 -0.999684 0.074222;
0.418000 0.000000 1.000000 0.000000 0.180000 -0.050244 -0.998737 0.074222;
0.420000 0.000000 1.000000 0.000000 0.180000 -0.125333 -0.992115 0.074222;
0.422000 0.000000 1.000000 0.000000 0.180000 -0.199710 -0.979855 0.074222;
0.424000 0.000000 1.000000 0.000000 0.180000 -0.272952 -0.962028 0.074222;
0.426000 0.000000 1.000000 0.000000 0.180000 -0.344643 -0.938734 0.074222;
0.428000 0.000000 1.000000 0.000000 0.180000 -0.414376 -0.910106 0.074222;
0.430000 0.000000 1.000000 0.000000 0.180000 -0.481754 -0.876307 0.074222;
0.432000 0.000000 1.000000 0.000000 0.180000 -0.546394 -0.837528 0.074222;
0.434000 0.000000 1.000000 0.000000 0.180000 -0.607930 -0.793990 0.074222;
0.436000 0.000000 1.000000 0.000000 0.180000 -0.666012 -0.745941 0.074222;
0.438000 0.000000 1.000000 0.000000 0.180000 -0.720309 -0.693653 0.074222;
0.440000 0.000000 1.000000 0.000000 0.180000 -0.770513 -0.637424 0.074222;
0.442000 0.000000 1.000000 0.000000 0.180000 -0.816339 -0.577573 0.074222;
0.444000 0.000000 1.000000 0.000000 0.180000 -0.857527 -0.514440 0.074222;
0.446000 0.000000 1.000000 0.000000 0.180000 -0.893841 -0.448383 0.074222;
0.448000 0.000000 1.000000 0.000000 0.180000 -0.925077 -0.379779 0.074222;
0.450000 0.000000 1.000000 0.000000 0.180000 -0.951057 -0.309017 0.074222;
0.452000 0.000000 1.000000 0.000000 0.180000 -0.971632 -0.236499 0.074222;
0.454000 0.000000 1.000000 0.000000 0.180000 -0.986686 -0.162637 0.074222;
0.456000 0.000000 1.000000 0.000000 0.180000 -0.996134 -0.087851 0.074222;
0.458000 0.000000 1.000000 0.000000 0.180000 -0.999921 -0.012566 0.074222;
0.460000 0.000000 1.000000 0.000000 0.180000 -0.998027 0.062791 0.074222;
0.462000 0.000000 1.000000 0.000000 0.180000 -0.990461 0.137790 0.074222;
0.464000 0.000000 1.000000 0.000000 0.180000 -0.977268 0.212007 0.074222;
0.466000 0.000000 1.000000 0.000000 0.180000 -0.958522 0.285019 0.074222;
0.468000 0.000000 1.000000 0.000000 0.180000 -0.934329 0.356412 0.074222;
0.470000 0.000000 1.000000 0.000000 0.180000 -0.904827 0.425779 0.074222;
0.472000 0.000000 1.000000 0.000000 0.180000 -0.870184 0.492727 0.074222;
0.474000 0.000000 1.000000 0.000000 0.180000 -0.830596 0.556876 0.074222;
0.476000 0.000000 1.000000 0.000000 0.180000 -0.786288 0.617860 0.074222;
0.478000 0.000000 1.000000 0.000000 0.180000 -0.737513 0.675333 0.074222;
0.480000 0.000000 1.000000 0.000000 0.180000 -0.684547 0.728969 0.074222;
0.482000 0.000000 1.000000 0.000000 0.180000 -0.627691 0.778462 0.074222;
0.484000 0.000000 1.000000 0.000000 0.180000 -0.567269 0.823533 0.074222;
0.486000 0.000000 1.000000 0.000000 0.180000 -0.503623 0.863923 0.074222;
0.488000 0.000000 1.000000 0.000000 0.180000 -0.437116 0.899405 0.074222;
0.490000 0.000000 1.000000 0.000000 0.180000 -0.368125 0.929776 0.074222;
0.492000 0.000000 1.000000 0.000000 0.180000 -0.297042 0.954865 0.074222;
0.494000 0.000000 1.000000 0.000000 0.180000 -0.224271 0.974527 0.074222;
0.496000 0.000000 1.000000 0.000000 0.180000 -0.150226 0.988652 0.074222;
0.498000 0.000000 1.000000 0.000000 0.180000 -0.075327 0.997159 0.074222;
0.500000 0.000000 1.000000 0.000000 -0.220000 -0.000000 1.000000 -0.413778;
0.502000 0.000000 1.000000 0.000000 -0.220000 0.075327 0.997159 -0.413778;
0.504000 0.000000 1.000000 0.000000 -0.220000 0.150226 0.988652 -0.413778;
0.506000 0.000000 1.000000 0.000000 -0.220000 0.224271 0.974527 -0.413778;
0.508000 0.000000 1.000000 0.000000 -0.220000 0.297042 0.954865 -0.413778;
0.510000 0.000000 1.000000 0.000000 -0.220000 0.368125 0.929776 -0.413778;
0.512000 0.000000 1.000000 0.000000 -0.220000 0.437116 0.899405 -0.413778;
0.514000 0.000000 1.000000 0.000000 -0.220000 0.503623 0.863923 -0.413778;
0.516000 0.000000 1.000000 0.000000 -0.220000 0.567269 0.823533 -0.413778;
0.518000 0.000000 1.000000 0.000000 -0.220000 0.627691 0.778462 -0.413778;
0.520000 0.000000 1.000000 0.000000 -0.220000 0.684547 0.728969 -0.413778;
0.522000 0.000000 1.000000 0.000000 -0.220000 0.737513 0.675333 -0.413778;
0.524000 0.000000 1.000000 0.000000 -0.220000 0.786288 0.617860 -0.413778;
0.526000 0.000000 1.000000 0.000000 -0.220000 0.830596 0.556876 -0.413778;
0.528000 0.000000 1.000000 0.000000 -0.220000 0.870184 0.492727 -0.413778;
0.530000 0.000000 1.000000 0.000000 -0.220000 0.904827 0.425779 -0.413778;
0.532000 0.000000 1.000000 0.000000 -0.220000 0.934329 0.356412 -0.413778;
0.534000 0.000000 1.000000 0.000000 -0.220000 0.958522 0.285019 -0.413778;
0.536000 0.000000 1.000000 0.000000 -0.220000 0.977268 0.212007 -0.413778;
0.538000 0.000000 1.000000 0.000000 -0.220000 0.990461 0.137790 -0.413778;
0.540000 0.000000 1.000000 0.000000 -0.220000 0.998027 0.062791 -0.413778;
0.542000 0.000000 1.000000 0.000000 -0.220000 0.999921 -0.012566 -0.413778;
0.544000 0.000000 1.000000 0.000000 -0.220000 0.996134 -0.087851 -0.413778;
0.546000 0.000000 1.000000 0.000000 -0.220000 0.986686 -0.162637 -0.413778;
0.548000 0.000000 1.000000 0.000000 -0.220000 0.971632 -0.236499 -0.413778;
0.550000 0.000000 1.000000 0.000000 -0.220000 0.951057 -0.309017 -0.413778;
0.552000 0.000000 1.000000 0.000000 -0.220000 0.925077 -0.379779 -0.413778;
0.554000 0.000000 1.000000 0.000000 -0.220000 0.893841 -0.448383 -0.413778;
0.556000 0.000000 1.000000 0.000000 -0.220000 0.857527 -0.514440 -0.413778;
0.558000 0.000000 1.000000 0.000000 -0.220000 0.816339 -0.577573 -0.413778;
0.560000 0.000000 1.000000 0.000000 -0.220000 0.770513 -0.637424 -0.413778;
0.562000 0.000000 1.000000 0.000000 -0.220000 0.720309 -0.693653 -0.413778;
0.564000 0.000000 1.000000 0.000000 -0.220000 0.666012 -0.745941 -0.413778;
0.566000 0.000000 1.000000 0.000000 -0.220000 0.607930 -0.793990 -0.413778;
0.568000 0.000000 1.000000 0.000000 -0.220000 0.546394 -0.837528 -0.413778;
0.570000 0.000000 1.000000 0.000000 -0.220000 0.481754 -0.876307 -0.413778;
0.572000 0.000000 1.000000 0.000000 -0.220000 0.414376 -0.910106 -0.413778;
0.574000 0.000000 1.000000 0.000000 -0.220000 0.344643 -0.938734 -0.413778;
0.576000 0.000000 1.000000 0.000000 -0.220000 0.272952 -0.962028 -0.413778;
0.578000 0.000000 1.000000 0.000000 -0.220000 0.199710 -0.979855 -0.413778;
0.580000 0.000000 1.000000 0.000000 -0.220000 0.125333 -0.992115 -0.413778;
0.582000 0.000000 1.000000 0.000000 -0.220000 0.050244 -0.998737 -0.413778;
0.584000 0.000000 1.000000 0.000000 -0.220000 -0.025130 -0.999684 -0.413778;
0.586000 0.000000 1.000000 0.000000 -0.220000 -0.100362 -0.994951 -0.413778;
0.588000 0.000000 1.000000 0.000000 -0.220000 -0.175023 -0.984564 -0.413778;
0.590000 0.000000 1.000000 0.000000 -0.220000 -0.248690 -0.968583 -0.413778;
0.592000 0.000000 1.000000 0.000000 -0.220000 -0.320944 -0.947098 -0.413778;
0.594000 0.000000 1.000000 0.000000 -0.220000 -0.391374 -0.920232 -0.413778;
0.596000 0.000000 1.000000 0.000000 -0.220000 -0.459580 -0.888136 -0.413778;
0.598000 0.000000 1.000000 0.000000 -0.220000 -0.525175 -0.850994 -0.413778;
0.600000 0.000000 1.000000 0.000000 -0.220000 -0.587785 -0.809017 -0.413778;
0.602000 0.000000 1.000000 0.000000 -0.220000 -0.647056 -0.762443 -0.413778;
0.604000 0.000000 1.000000 0.000000 -0.220000 -0.702650 -0.711536 -0.413778;
0.606000 0.000000 1.000000 0.000000 -0.220000 -0.754251 -0.656586 -0.413778;
0.608000 0.000000 1.000000 0.000000 -0.220000 -0.801567 -0.597905 -0.413778;
0.610000 0.000000 1.000000 0.000000 -0.220000 -0.844328 -0.535827 -0.413778;
0.612000 0.000000 1.000000 0.000000 -0.220000 -0.882291 -0.470704 -0.413778;
0.614000 0.000000 1.000000 0.000000 -0.220000 -0.915241 -0.402906 -0.413778;
0.616000 0.000000 1.000000 0.000000 -0.220000 -0.942991 -0.332820 -0.413778;
0.618000 0.000000 1.000000 0.000000 -0.220000 -0.965382 -0.260842 -0.413778;
0.620000 0.000000 1.000000 0.000000 -0.220000 -0.982287 -0.187381 -0.413778;
0.622000 0.000000 1.000000 0.000000 -0.220000 -0.993611 -0.112856 -0.413778;
0.624000 0.000000 1.000000 0.000000 -0.220000 -0.999289 -0.037690 -0.413778;
0.626000 0.000000 1.000000 0.000000 -0.220000 -0.999289 0.037690 -0.413778;
0.628000 0.000000 1.000000 0.000000 -0.220000 -0.993611 0.112856 -0.413778;
0.630000 0.000000 1.000000 0.000000 -0.220000 -0.982287 0.187381 -0.413778;
0.632000 0.000000 1.000000 0.000000 -0.220000 -0.965382 0.260842 -0.413778;
0.634000 0.000000 1.000000 0.000000 -0.220000 -0.942991 0.332820 -0.413778;
0.636000 0.000000 1.000000 0.000000 -0.220000 -0.915241 0.402906 -0.413778;
0.638000 0.000000 1.000000 0.000000 -0.220000 -0.882291 0.470704 -0.413778;
0.640000 0.000000 1.000000 0.000000 -0.220000 -0.844328 0.535827 -0.413778;
0.642000 0.000000 1.000000 0.000000 -0.220000 -0.801567 0.597905 -0.413778;
0.644000 0.000000 1.000000 0.000000 -0.220000 -0.754251 0.656586 -0.413778;
0.646000 0.000000 1.000000 0.000000 -0.220000 -0.702650 0.711536 -0.413778;
0.648000 0.000000 1.000000 0.000000 -0.220000 -0.647056 0.762443 -0.413778;
0.650000 0.000000 1.000000 0.000000 -0.220000 -0.587785 0.809017 -0.413778;
0.652000 0.000000 1.000000 0.000000 -0.220000 -0.525175 0.850994 -0.413778;
0.654000 0.000000 1.000000 0.000000 -0.220000 -0.459580 0.888136 -0.413778;
0.656000 0.000000 1.000000 0.000000 -0.220000 -0.391374 0.920232 -0.413778;
0.658000 0.000000 1.000000 0.000000 -0.220000 -0.320944 0.947098 -0.413778;
0.660000 0.000000 1.000000 0.000000 -0.220000 -0.248690 0.968583 -0.413778;
0.662000 0.000000 1.000000 0.000000 -0.220000 -0.175023 0.984564 -0.413778;
0.664000 0.000000 1.000000 0.000000 -0.220000 -0.100362 0.994951 -0.413778;
0.666000 0.000000 1.000000 0.000000 -0.220000 -0.025130 0.999684 -0.413778;
0.668000 0.000000 1.000000 0.000000 -0.640000 0.050244 0.998737 -0.718000;
0.670000 0.000000 1.000000 0.000000 -0.640000 0.125333 0.992115 -0.718000;
0.672000 0.000000 1.000000 0.000000 -0.640000 0.199710 0.979855 -0.718000;
0.674000 0.000000 1.000000 0.000000 -0.640000 0.272952 0.962028 -0.718000;
0.676000 0.000000 1.000000 0.000000 -0.640000 0.344643 0.938734 -0.718000;
0.678000 0.000000 1.000000 0.000000 -0.640000 0.414376 0.910106 -0.718000;
0.680000 0.000000 1.000000 0.000000 -0.640000 0.481754 0.876307 -0.718000;
0.682000 0.000000 1.000000 0.000000 -0.640000 0.546394 0.837528 -0.718000;
0.684000 0.000000 1.000000 0.000000 -0.640000 0.607930 0.793990 -0.718000;
0.686000 0.000000 1.000000 0.000000 -0.640000 0.666012 0.745941 -0.718000;
0.688000 0.000000 1.000000 0.000000 -0.640000 0.720309 0.693653 -0.718000;
0.690000 0.000000 1.000000 0.000000 -0.640000 0.770513 0.637424 -0.718000;
0.692000 0.000000 1.000000 0.000000 -0.640000 0.816339 0.577573 -0.718000;
0.694000 0.000000 1.000000 0.000000 -0.640000 0.857527 0.514440 -0.718000;
0.696000 0.000000 1.000000 0.000000 -0.640000 0.893841 0.448383 -0.718000;
0.698000 0.000000 1.000000 0.000000 -0.640000 0.925077 0.379779 -0.718000;
0.700000 0.000000 1.000000 0.000000 -0.640000 0.951057 0.309017 -0.718000;
0.702000 0.000000 1.000000 0.000000 -0.640000 0.971632 0.236499 -0.718000;
0.704000 0.000000 1.000000 0.000000 -0.640000 0.986686 0.162637 -0.718000;
0.706000 0.000000 1.000000 0.000000 -0.640000 0.996134 0.087851 -0.718000;
0.708000 0.000000 1.000000 0.000000 -0.640000 0.999921 0.012566 -0.718000;
0.710000 0.000000 1.000000 0.000000 -0.640000 0.998027 -0.062791 -0.718000;
0.712000 0.000000 1.000000 0.000000 -0.640000 0.990461 -0.137790 -0.718000;
0.714000 0.000000 1.000000 0.000000 -0.640000 0.977268 -0.212007 -0.718000;
0.716000 0.000000 1.000000 0.000000 -0.640000 0.958522 -0.285019 -0.718000;
0.718000 0.000000 1.000000 0.000000 -0.640000 0.934329 -0.356412 -0.718000;
0.720000 0.000000 1.000000 0.000000 -0.640000 0.904827 -0.425779 -0.718000;
0.722000 0.000000 1.000000 0.000000 -0.640000 0.870184 -0.492727 -0.718000;
0.724000 0.000000 1.000000 0.000000 -0.640000 0.830596 -0.556876 -0.718000;
0.726000 0.000000 1.000000 0.000000 -0.640000 0.786288 -0.617860 -0.718000;
0.728000 0.000000 1.000000 0.000000 -0.640000 0.737513 -0.675333 -0.718000;
0.730000 0.000000 1.000000 0.000000 -0.640000 0.684547 -0.728969 -0.718000;
0.732000 0.000000 1.000000 0.000000 -0.640000 0.627691 -0.778462 -0.718000;
0.734000 0.000000 1.000000 0.000000 -0.640000 0.567269 -0.823533 -0.718000;
0.736000 0.000000 1.000000 0.000000 -0.640000 0.503623 -0.863923 -0.718000;
0.738000 0.000000 1.000000 0.000000 -0.640000 0.437116 -0.899405 -0.718000;
0.740000 0.000000 1.000000 0.000000 -0.640000 0.368125 -0.929776 -0.718000;
0.742000 0.000000 1.000000 0.000000 -0.640000 0.297042 -0.954865 -0.718000;
0.744000 0.000000 1.000000 0.000000 -0.640000 0.224271 -0.974527 -0.718000;
0.746000 0.000000 1.000000 0.000000 -0.640000 0.150226 -0.988652 -0.718000;
0.748000 0.000000 1.000000 0.000000 -0.640000 0.075327 -0.997159 -0.718000;
0.750000 0.000000 1.000000 0.000000 -0.640000 0.000000 -1.000000 -0.718000;
0.752000 0.000000 1.000000 0.000000 -0.640000 -0.075327 -0.997159 -0.718000;
0.754000 0.000000 1.000000 0.000000 -0.640000 -0.150226 -0.988652 -0.718000;
0.756000 0.000000 1.000000 0.000000 -0.640000 -0.224271 -0.974527 -0.718000;
0.758000 0.000000 1.000000 0.000000 -0.640000 -0.297042 -0.954865 -0.718000;
0.760000 0.000000 1.000000 0.000000 -0.640000 -0.368125 -0.929776 -0.718000;
0.762000 0.000000 1.000000 0.000000 -0.640000 -0.437116 -0.899405 -0.718000;
0.764000 0.000000 1.000000 0.000000 -0.640000 -0.503623 -0.863923 -0.718000;
0.766000 0.000000 1.000000 0.000000 -0.640000 -0.567269 -0.823533 -0.718000;
0.768000 0.000000 1.000000 0.000000 -0.640000 -0.627691 -0.778462 -0.718000;
0.770000 0.000000 1.000000 0.000000 -0.640000 -0.684547 -0.728969 -0.718000;
0.772000 0.000000 1.000000 0.000000 -0.640000 -0.737513 -0.675333 -0.718000;
0.774000 0.000000 1.000000 0.000000 -0.640000 -0.786288 -0.617860 -0.718000;
0.776000 0.000000 1.000000 0.000000 -0.640000 -0.830596 -0.556876 -0.718000;
0.778000 0.000000 1.000000 0.000000 -0.640000 -0.870184 -0.492727 -0.718000;
0.780000 0.000000 1.000000 0.000000 -0.640000 -0.904827 -0.425779 -0.718000;
0.782000 0.000000 1.000000 0.000000 -0.640000 -0.934329 -0.356412 -0.718000;
0.784000 0.000000 1.000000 0.000000 -0.640000 -0.958522 -0.285019 -0.718000;
0.786000 0.000000 1.000000 0.000000 -0.640000 -0.977268 -0.212007 -0.718000;
0.788000 0.000000 1.000000 0.000000 -0.640000 -0.990461 -0.137790 -0.718000;
0.790000 0.000000 1.000000 0.000000 -0.640000 -0.998027 -0.062791 -0.718000;
0.792000 0.000000 1.000000 0.000000 -0.640000 -0.999921 0.012566 -0.718000;
0.794000 0.000000 1.000000 0.000000 -0.640000 -0.996134 0.087851 -0.718000;
0.796000 0.000000 1.000000 0.000000 -0.640000 -0.986686 0.162637 -0.718000;
0.798000 0.000000 1.000000 0.000000 -0.640000 -0.971632 0.236499 -0.718000;
0.800000 0.000000 1.000000 0.000000 -0.640000 -0.951057 0.309017 -0.718000;
0.802000 0.000000 1.000000 0.000000 -0.640000 -0.925077 0.379779 -0.718000;
0.804000 0.000000 1.000000 0.000000 -0.640000 -0.893841 0.448383 -0.718000;
0.806000 0.000000 1.000000 0.000000 -0.640000 -0.857527 0.514440 -0.718000;
0.808000 0.000000 1.000000 0.000000 -0.640000 -0.816339 0.577573 -0.718000;
0.810000 0.000000 1.000000 0.000000 -0.640000 -0.770513 0.637424 -0.718000;
0.812000 0.000000 1.000000 0.000000 -0.640000 -0.720309 0.693653 -0.718000;
0.814000 0.000000 1.000000 0.000000 -0.640000 -0.666012 0.745941 -0.718000;
0.816000 0.000000 1.000000 0.000000 -0.640000 -0.607930 0.793990 -0.718000;
0.818000 0.000000 1.000000 0.000000 -0.640000 -0.546394 0.837528 -0.718000;
0.820000 0.000000 1.000000 0.000000 -0.640000 -0.481754 0.876307 -0.718000;
0.822000 0.000000 1.000000 0.000000 -0.640000 -0.414376 0.910106 -0.718000;
0.824000 0.000000 1.000000 0.000000 -0.640000 -0.344643 0.938734 -0.718000;
0.826000 0.000000 1.000000 0.000000 -0.640000 -0.272952 0.962028 -0.718000;
0.828000 0.000000 1.000000 0.000000 -0.640000 -0.199710 0.979855 -0.718000;
0.830000 0.000000 1.000000 0.000000 -0.640000 -0.125333 0.992115 -0.718000;
0.832000 0.000000 1.000000 0.000000 -0.640000 -0.050244 0.998737 -0.718000;
0.834000 0.000000 1.000000 0.000000 -1.000000 0.025130 0.999684 -0.777778;
0.836000 0.000000 1.000000 0.000000 -1.000000 0.100362 0.994951 -0.777778;
0.838000 0.000000 1.000000 0.000000 -1.000000 0.175023 0.984564 -0.777778;
0.840000 0.000000 1.000000 0.000000 -1.000000 0.248690 0.968583 -0.777778;
0.842000 0.000000 1.000000 0.000000 -1.000000 0.320944 0.947098 -0.777778;
0.844000 0.000000 1.000000 0.000000 -1.000000 0.391374 0.920232 -0.777778;
0.846000 0.000000 1.000000 0.000000 -1.000000 0.459580 0.888136 -0.777778;
0.848000 0.000000 1.000000 0.000000 -1.000000 0.525175 0.850994 -0.777778;
0.850000 0.000000 1.000000 0.000000 -1.000000 0.587785 0.809017 -0.777778;
0.852000 0.000000 1.000000 0.000000 -1.000000 0.647056 0.762443 -0.777778;
0.854000 0.000000 1.000000 0.000000 -1.000000 0.702650 0.711536 -0.777778;
0.856000 0.000000 1.000000 0.000000 -1.000000 0.754251 0.656586 -0.777778;
0.858000 0.000000 1.000000 0.000000 -1.000000 0.801567 0.597905 -0.777778;
0.860000 0.000000 1.000000 0.000000 -1.000000 0.844328 0.535827 -0.777778;
0.862000 0.000000 1.000000 0.000000 -1.000000 0.882291 0.470704 -0.777778;
0.864000 0.000000 1.000000 0.000000 -1.000000 0.915241 0.402906 -0.777778;
0.866000 0.000000 1.000000 0.000000 -1.000000 0.942991 0.332820 -0.777778;
0.868000 0.000000 1.000000 0.000000 -1.000000 0.965382 0.260842 -0.777778;
0.870000 0.000000 1.000000 0.000000 -1.000000 0.982287 0.187381 -0.777778;
0.872000 0.000000 1.000000 0.000000 -1.000000 0.993611 0.112856 -0.777778;
0.874000 0.000000 1.000000 0.000000 -1.000000 0.999289 0.037690 -0.777778;
0.876000 0.000000 1.000000 0.000000 -1.000000 0.999289 -0.037690 -0.777778;
0.878000 0.000000 1.000000 0.000000 -1.000000 0.993611 -0.112856 -0.777778;
0.880000 0.000000 1.000000 0.000000 -1.000000 0.982287 -0.187381 -0.777778;
0.882000 0.000000 1.000000 0.000000 -1.000000 0.965382 -0.260842 -0.777778;
0.884000 0.000000 1.000000 0.000000 -1.000000 0.942991 -0.332820 -0.777778;
0.886000 0.000000 1.000000 0.000000 -1.000000 0.915241 -0.402906 -0.777778;
0.888000 0.000000 1.000000 0.000000 -1.000000 0.882291 -0.470704 -0.777778;
0.890000 0.000000 1.000000 0.000000 -1.000000 0.844328 -0.535827 -0.777778;
0.892000 0.000000 1.000000 0.000000 -1.000000 0.801567 -0.597905 -0.777778;
0.894000 0.000000 1.000000 0.000000 -1.000000 0.754251 -0.656586 -0.777778;
0.896000 0.000000 1.000000 0.000000 -1.000000 0.702650 -0.711536 -0.777778;
0.898000 0.000000 1.000000 0.000000 -1.000000 0.647056 -0.762443 -0.777778;
0.900000 0.000000 1.000000 0.000000 -1.000000 0.587785 -0.809017 -0.777778;
0.902000 0.000000 1.000000 0.000000 -1.000000 0.525175 -0.850994 -0.777778;
0.904000 0.000000 1.000000 0.000000 -1.000000 0.459580 -0.888136 -0.777778;
0.906000 0.000000 1.000000 0.000000 -1.000000 0.391374 -0.920232 -0.777778;
0.908000 0.000000 1.000000 0.000000 -1.000000 0.320944 -0.947098 -0.777778;
0.910000 0.000000 1.000000 0.000000 -1.000000 0.248690 -0.968583 -0.777778;
0.912000 0.000000 1.000000 0.000000 -1.000000 0.175023 -0.984564 -0.777778;
0.914000 0.000000 1.000000 0.000000 -1.000000 0.100362 -0.994951 -0.777778;
0.916000 0.000000 1.000000 0.000000 -1.000000 0.025130 -0.999684 -0.777778;
0.918000 0.000000 1.000000 0.000000 -1.000000 -0.050244 -0.998737 -0.777778;
0.920000 0.000000 1.000000 0.000000 -1.000000 -0.125333 -0.992115 -0.777778;
0.922000 0.000000 1.000000 0.000000 -1.000000 -0.199710 -0.979855 -0.777778;
0.924000 0.000000 1.000000 0.000000 -1.000000 -0.272952 -0.962028 -0.777778;
0.926000 0.000000 1.000000 0.000000 -1.000000 -0.344643 -0.938734 -0.777778;
0.928000 0.000000 1.000000 0.000000 -1.000000 -0.414376 -0.910106 -0.777778;
0.930000 0.000000 1.000000 0.000000 -1.000000 -0.481754 -0.876307 -0.777778;
0.932000 0.000000 1.000000 0.000000 -1.000000 -0.546394 -0.837528 -0.777778;
0.934000 0.000000 1.000000 0.000000 -1.000000 -0.607930 -0.793990 -0.777778;
0.936000 0.000000 1.000000 0.000000 -1.000000 -0.666012 -0.745941 -0.777778;
0.938000 0.000000 1.000000 0.000000 -1.000000 -0.720309 -0.693653 -0.777778;
0.940000 0.000000 1.000000 0.000000 -1.000000 -0.770513 -0.637424 -0.777778;
0.942000 0.000000 1.000000 0.000000 -1.000000 -0.816339 -0.577573 -0.777778;
0.944000 0.000000 1.000000 0.000000 -1.000000 -0.857527 -0.514440 -0.777778;
0.946000 0.000000 1.000000 0.000000 -1.000000 -0.893841 -0.448383 -0.777778;
0.948000 0.000000 1.000000 0.000000 -1.000000 -0.925077 -0.379779 -0.777778;
0.950000 0.000000 1.000000 0.000000 -1.000000 -0.951057 -0.309017 -0.777778;
0.952000 0.000000 1.000000 0.000000 -1.000000 -0.971632 -0.236499 -0.777778;
0.954000 0.000000 1.000000 0.000000 -1.000000 -0.986686 -0.162637 -0.777778;
0.956000 0.000000 1.000000 0.000000 -1.000000 -0.996134 -0.087851 -0.777778;
0.958000 0.000000 1.000000 0.000000 -1.000000 -0.999921 -0.012566 -0.777778;
0.960000 0.000000 1.000000 0.000000 -1.000000 -0.998027 0.062791 -0.777778;
0.962000 0.000000 1.000000 0.000000 -1.000000 -0.990461 0.137790 -0.777778;
0.964000 0.000000 1.000000 0.000000 -1.000000 -0.977268 0.212007 -0.777778;
0.966000 0.000000 1.000000 0.000000 -1.000000 -0.958522 0.285019 -0.777778;
0.968000 0.000000 1.000000 0.000000 -1.000000 -0.934329 0.356412 -0.777778;
0.970000 0.000000 1.000000 0.000000 -1.000000 -0.904827 0.425779 -0.777778;
0.972000 0.000000 1.000000 0.000000 -1.000000 -0.870184 0.492727 -0.777778;
0.974000 0.000000 1.000000 0.000000 -1.000000 -0.830596 0.556876 -0.777778;
0.976000 0.000000 1.000000 0.000000 -1.000000 -0.786288 0.617860 -0.777778;
0.978000 0.000000 1.000000 0.000000 -1.000000 -0.737513 0.675333 -0.777778;
0.980000 0.000000 1.000000 0.000000 -1.000000 -0.684547 0.728969 -0.777778;
0.982000 0.000000 1.000000 0.000000 -1.000000 -0.627691 0.778462 -0.777778;
0.984000 0.000000 1.000000 0.000000 -1.000000 -0.567269 0.823533 -0.777778;
0.986000 0.000000 1.000000 0.000000 -1.000000 -0.503623 0.863923 -0.777778;
0.988000 0.000000 1.000000 0.000000 -1.000000 -0.437116 0.899405 -0.777778;
0.990000 0.000000 1.000000 0.000000 -1.000000 -0.368125 0.929776 -0.777778;
0.992000 0.000000 1.000000 0.000000 -1.000000 -0.297042 0.954865 -0.777778;
0.994000 0.000000 1.000000 0.000000 -1.000000 -0.224271 0.974527 -0.777778;
0.996000 0.000000 1.000000 0.000000 -1.000000 -0.150226 0.988652 -0.777778;
0.998000 0.000000 1.000000 0.000000 -1.000000 -0.075327 0.997159 -0.777778;
1.000000 0.000000 1.000000 0.000000 -1.000000 -0.000000 1.000000 -0.777778;
0.000000 0.000000 0.500000 0.500000 1.000000 0.000000 1.000000 -1.000000;
0.002000 0.000000 0.500000 0.500000 0.999013 0.043968 0.999033 -1.000000;
0.004000 0.000000 0.500000 0.500000 0.996053 0.087851 0.996134 -1.000000;
0.006000 0.000000 0.500000 0.500000 0.991124 0.131564 0.991308 -1.000000;
0.008000 0.000000 0.500000 0.500000 0.984229 0.175023 0.984564 -1.000000;
0.010000 0.000000 0.500000 0.500000 0.975377 0.218143 0.975917 -1.000000;
0.012000 0.000000 0.500000 0.500000 0.964575 0.260842 0.965382 -1.000000;
0.014000 0.000000 0.500000 0.500000 0.951834 0.303035 0.952979 -1.000000;
0.016000 0.000000 0.500000 0.500000 0.937166 0.344643 0.938734 -1.000000;
0.018000 0.000000 0.500000 0.500000 0.920587 0.385584 0.922673 -1.000000;
0.020000 0.000000 0.500000 0.500000 0.902113 0.425779 0.904827 -1.000000;
0.022000 0.000000 0.500000 0.500000 0.881762 0.465151 0.885231 -1.000000;
0.024000 0.000000 0.500000 0.500000 0.859553 0.503623 0.863923 -1.000000;
0.026000 0.000000 0.500000 0.500000 0.835509 0.541121 0.840945 -1.000000;
0.028000 0.000000 0.500000 0.500000 0.809654 0.577573 0.816339 -1.000000;
0.030000 0.000000 0.500000 0.500000 0.782013 0.612907 0.790155 -1.000000;
0.032000 0.000000 0.500000 0.500000 0.752613 0.647056 0.762443 -1.000000;
0.034000 0.000000 0.500000 0.500000 0.721484 0.679953 0.733255 -1.000000;
0.036000 0.000000 0.500000 0.500000 0.688656 0.711536 0.702650 -1.000000;
0.038000 0.000000 0.500000 0.500000 0.654161 0.741742 0.670686 -1.000000;
0.040000 0.000000 0.500000 0.500000 0.618034 0.770513 0.637424 -1.000000;
0.042000 0.000000 0.500000 0.500000 0.580310 0.797794 0.602930 -1.000000;
0.044000 0.000000 0.500000 0.500000 0.541026 0.823533 0.567269 -1.000000;
0.046000 0.000000 0.500000 0.500000 0.500222 0.847678 0.530511 -1.000000;
0.048000 0.000000 0.500000 0.500000 0.457937 0.870184 0.492727 -1.000000;
0.050000 0.000000 0.500000 0.500000 0.414214 0.891007 0.453990 -1.000000;
0.052000 0.000000 0.500000 0.500000 0.369094 0.910106 0.414376 -1.000000;
0.054000 0.000000 0.500000 0.500000 0.322624 0.927445 0.373959 -1.000000;
0.056000 0.000000 0.500000 0.500000 0.274848 0.942991 0.332820 -1.000000;
0.058000 0.000000 0.500000 0.500000 0.225814 0.956712 0.291036 -1.000000;
0.060000 0.000000 0.500000 0.500000 0.175571 0.968583 0.248690 -1.000000;
0.062000 0.000000 0.500000 0.500000 0.124167 0.978581 0.205863 -1.000000;
0.064000 0.000000 0.500000 0.500000 0.071654 0.986686 0.162637 -1.000000;
0.066000 0.000000 0.500000 0.500000 0.018083 0.992883 0.119097 -1.000000;
0.068000 0.000000 0.500000 0.500000 -0.036493 0.997159 0.075327 -1.000000;
0.070000 0.000000 0.500000 0.500000 -0.092019 0.999507 0.031411 -1.000000;
0.072000 0.000000 0.500000 0.500000 -0.148441 0.999921 -0.012566 -1.000000;
0.074000 0.000000 0.500000 0.500000 -0.205704 0.998402 -0.056519 -1.000000;
0.076000 0.000000 0.500000 0.500000 -0.263751 0.994951 -0.100362 -1.000000;
0.078000 0.000000 0.500000 0.500000 -0.322524 0.989576 -0.144011 -1.000000;
0.080000 0.000000 0.500000 0.500000 -0.381966 0.982287 -0.187381 -1.000000;
0.082000 0.000000 0.500000 0.500000 -0.442018 0.973099 -0.230389 -1.000000;
0.084000 0.000000 0.500000 0.500000 -0.502620 0.962028 -0.272952 -1.000000;
0.086000 0.000000 0.500000 0.500000 -0.563714 0.949096 -0.314987 -1.000000;
0.088000 0.000000 0.500000 0.500000 -0.625237 0.934329 -0.356412 -1.000000;
0.090000 0.000000 0.500000 0.500000 -0.687131 0.917755 -0.397148 -1.000000;
0.092000 0.000000 0.500000 0.500000 -0.749334 0.899405 -0.437116 -1.000000;
0.094000 0.000000 0.500000 0.500000 -0.811783 0.879316 -0.476238 -1.000000;
0.096000 0.000000 0.500000 0.500000 -0.874419 0.857527 -0.514440 -1.000000;
0.098000 0.000000 0.500000 0.500000 -0.937178 0.834078 -0.551646 -1.000000;
0.100000 0.000000 0.500000 0.500000 -1.000000 -0.707107 0.707107 -1.000000;
0.102000 0.000000 0.500000 0.500000 -0.937178 -0.782391 0.622788 -1.000000;
0.104000 0.000000 0.500000 0.500000 -0.874419 -0.754251 0.656586 -1.000000;
0.106000 0.000000 0.500000 0.500000 -0.811783 -0.724653 0.689114 -1.000000;
0.108000 0.000000 0.500000 0.500000 -0.749334 -0.693653 0.720309 -1.000000;
0.110000 0.000000 0.500000 0.500000 -0.687131 -0.661312 0.750111 -1.000000;
0.112000 0.000000 0.500000 0.500000 -0.625237 -0.627691 0.778462 -1.000000;
0.114000 0.000000 0.500000 0.500000 -0.563714 -0.592857 0.805308 -1.000000;
0.116000 0.000000 0.500000 0.500000 -0.502620 -0.556876 0.830596 -1.000000;
0.118000 0.000000 0.500000 0.500000 -0.442018 -0.519817 0.854277 -1.000000;
0.120000 0.000000 0.500000 0.500000 -0.381966 -0.481754 0.876307 -1.000000;
0.122000 0.000000 0.500000 0.500000 -0.322524 -0.442758 0.896641 -1.000000;
0.124000 0.000000 0.500000 0.500000 -0.263751 -0.402906 0.915241 -1.000000;
0.126000 0.000000 0.500000 0.500000 -0.205704 -0.362275 0.932071 -1.000000;
0.128000 0.000000 0.500000 0.500000 -0.148441 -0.320944 0.947098 -1.000000;
0.130000 0.000000 0.500000 0.500000 -0.092019 -0.278991 0.960294 -1.000000;
0.132000 0.000000 0.500000 0.500000 -0.036493 -0.236499 0.971632 -1.000000;
0.134000 0.000000 0.500000 0.500000 0.018083 -0.193549 0.981091 -1.000000;
0.136000 0.000000 0.500000 0.500000 0.071654 -0.150226 0.988652 -1.000000;
0.138000 0.000000 0.500000 0.500000 0.124167 -0.106611 0.994301 -1.000000;
0.140000 0.000000 0.500000 0.500000 0.175571 -0.062791 0.998027 -1.000000;
0.142000 0.000000 0.500000 0.500000 0.225814 -0.018848 0.999822 -1.000000;
0.144000 0.000000 0.500000 0.500000 0.274848 0.025130 0.999684 -1.000000;
0.146000 0.000000 0.500000 0.500000 0.322624 0.069060 0.997613 -1.000000;
0.148000 0.000000 0.500000 0.500000 0.369094 0.112856 0.993611 -1.000000;
0.150000 0.000000 0.500000 0.500000 0.414214 0.156434 0.987688 -1.000000;
0.152000 0.000000 0.500000 0.500000 0.457937 0.199710 0.979855 -1.000000;
0.154000 0.000000 0.500000 0.500000 0.500222 0.242599 0.970127 -1.000000;
0.156000 0.000000 0.500000 0.500000 0.541026 0.285019 0.958522 -1.000000;
0.158000 0.000000 0.500000 0.500000 0.580310 0.326888 0.945063 -1.000000;
0.160000 0.000000 0.500000 0.500000 0.618034 0.368125 0.929776 -1.000000;
0.162000 0.000000 0.500000 0.500000 0.654161 0.408649 0.912692 -1.000000;
0.164000 0.000000 0.500000 0.500000 0.688656 0.448383 0.893841 -1.000000;
0.166000 0.000000 0.500000 0.500000 0.721484 0.487250 0.873262 -1.000000;
0.168000 0.000000 0.500000 0.500000 0.571848 0.578858 0.815428 -0.071778;
0.170000 0.000000 0.500000 0.500000 0.597749 0.610434 0.792067 -0.071778;
0.172000 0.000000 0.500000 0.500000 0.622107 0.641180 0.767391 -0.071778;
0.174000 0.000000 0.500000 0.500000 0.644896 0.671026 0.741434 -0.071778;
0.176000 0.000000 0.500000 0.500000 0.666094 0.699906 0.714235 -0.071778;
0.178000 0.000000 0.500000 0.500000 0.685678 0.727756 0.685836 -0.071778;
0.180000 0.000000 0.500000 0.500000 0.703628 0.754515 0.656283 -0.071778;
0.182000 0.000000 0.500000 0.500000 0.719924 0.780126 0.625622 -0.071778;
0.184000 0.000000 0.500000 0.500000 0.734550 0.804535 0.593905 -0.071778;
0.186000 0.000000 0.500000 0.500000 0.747492 0.827690 0.561186 -0.071778;
0.188000 0.000000 0.500000 0.500000 0.758734 0.849543 0.527519 -0.071778;
0.190000 0.000000 0.500000 0.500000 0.768267 0.870051 0.492963 -0.071778;
0.192000 0.000000 0.500000 0.500000 0.776080 0.889170 0.457577 -0.071778;
0.194000 0.000000 0.500000 0.500000 0.782165 0.906863 0.421426 -0.071778;
0.196000 0.000000 0.500000 0.500000 0.786517 0.923095 0.384571 -0.071778;
0.198000 0.000000 0.500000 0.500000 0.789129 0.937836 0.347079 -0.071778;
0.200000 0.000000 0.500000 0.500000 0.790000 0.951057 0.309017 -0.071778;
0.202000 0.000000 0.500000 0.500000 0.789129 0.962733 0.270453 -0.071778;
0.204000 0.000000 0.500000 0.500000 0.786517 0.972845 0.231457 -0.071778;
0.206000 0.000000 0.500000 0.500000 0.782165 0.981375 0.192100 -0.071778;
0.208000 0.000000 0.500000 0.500000 0.776080 0.988311 0.152453 -0.071778;
0.210000 0.000000 0.500000 0.500000 0.768267 0.993642 0.112588 -0.071778;
0.212000 0.000000 0.500000 0.500000 0.758734 0.997363 0.072578 -0.071778;
0.214000 0.000000 0.500000 0.500000 0.747492 0.999472 0.032495 -0.071778;
0.216000 0.000000 0.500000 0.500000 0.734550 0.999971 -0.007586 -0.071778;
0.218000 0.000000 0.500000 0.500000 0.719924 0.998867 -0.047592 -0.071778;
0.220000 0.000000 0.500000 0.500000 0.703628 0.996169 -0.087451 -0.071778;
0.222000 0.000000 0.500000 0.500000 0.685678 0.991891 -0.127089 -0.071778;
0.224000 0.000000 0.500000 0.500000 0.666094 0.986053 -0.166434 -0.071778;
0.226000 0.000000 0.500000 0.500000 0.644896 0.978675 -0.205413 -0.071778;
0.228000 0.000000 0.500000 0.500000 0.622107 0.969786 -0.243956 -0.071778;
0.230000 0.000000 0.500000 0.500000 0.597749 0.959417 -0.281992 -0.071778;
0.232000 0.000000 0.500000 0.500000 0.571848 0.947603 -0.319451 -0.071778;
0.234000 0.000000 0.500000 0.500000 0.544432 0.934384 -0.356266 -0.071778;
0.236000 0.000000 0.500000 0.500000 0.515530 0.919808 -0.392370 -0.071778;
0.238000 0.000000 0.500000 0.500000 0.485172 0.903922 -0.427697 -0.071778;
0.240000 0.000000 0.500000 0.500000 0.453391 0.886785 -0.462183 -0.071778;
0.242000 0.000000 0.500000 0.500000 0.420222 0.868456 -0.495767 -0.071778;
0.244000 0.000000 0.500000 0.500000 0.385699 0.849003 -0.528387 -0.071778;
0.246000 0.000000 0.500000 0.500000 0.349862 0.828501 -0.559987 -0.071778;
0.248000 0.000000 0.500000 0.500000 0.312749 0.807031 -0.590509 -0.071778;
0.250000 0.000000 0.500000 0.500000 0.274402 0.784682 -0.619899 -0.071778;
0.252000 0.000000 0.500000 0.500000 0.234865 0.761551 -0.648105 -0.071778;
0.254000 0.000000 0.500000 0.500000 0.194183 0.737748 -0.675076 -0.071778;
0.256000 0.000000 0.500000 0.500000 0.152405 0.713391 -0.700766 -0.071778;
0.258000 0.000000 0.500000 0.500000 0.109581 0.688615 -0.725127 -0.071778;
0.260000 0.000000 0.500000 0.500000 0.065764 0.663569 -0.748115 -0.071778;
0.262000 0.000000 0.500000 0.500000 0.021011 0.638424 -0.769685 -0.071778;
0.264000 0.000000 0.500000 0.500000 -0.024619 0.613372 -0.789794 -0.071778;
0.266000 0.000000 0.500000 0.500000 -0.071060 0.588637 -0.808397 -0.071778;
0.268000 0.000000 0.500000 0.500000 -0.118244 0.564482 -0.825446 -0.071778;
0.270000 0.000000 0.500000 0.500000 -0.166094 0.541215 -0.840884 -0.071778;
0.272000 0.000000 0.500000 0.500000 -0.214526 0.519210 -0.854647 -0.071778;
0.274000 0.000000 0.500000 0.500000 -0.263443 0.498921 -0.866647 -0.071778;
0.276000 0.000000 0.500000 0.500000 -0.312738 0.480916 -0.876767 -0.071778;
0.278000 0.000000 0.500000 0.500000 -0.362278 0.465907 -0.884834 -0.071778;
0.280000 0.000000 0.500000 0.500000 -0.411907 0.454816 -0.890586 -0.071778;
0.282000 0.000000 0.500000 0.500000 -0.461426 0.448843 -0.893611 -0.071778;
0.284000 0.000000 0.500000 0.500000 -0.510576 0.449582 -0.893239 -0.071778;
0.286000 0.000000 0.500000 0.500000 -0.559009 0.459159 -0.888354 -0.071778;
0.288000 0.000000 0.500000 0.500000 -0.606232 0.480403 -0.877048 -0.071778;
0.290000 0.000000 0.500000 0.500000 -0.651531 0.516953 -0.856014 -0.071778;
0.292000 0.000000 0.500000 0.500000 -0.693832 0.573033 -0.819533 -0.071778;
0.294000 0.000000 0.500000 0.500000 -0.731511 0.652103 -0.758131 -0.071778;
0.296000 0.000000 0.500000 0.500000 -0.762179 0.752835 -0.658209 -0.071778;
0.298000 0.000000 0.500000 0.500000 -0.782703 0.861843 -0.507175 -0.071778;
0.300000 0.000000 0.500000 0.500000 -0.790000 0.951057 -0.309017 -0.071778;
0.302000 0.000000 0.500000 0.500000 -0.782703 0.995356 -0.096265 -0.071778;
0.304000 0.000000 0.500000 0.500000 -0.762179 0.995942 0.089997 -0.071778;
0.306000 0.000000 0.500000 0.500000 -0.731511 0.973180 0.230044 -0.071778;
0.308000 0.000000 0.500000 0.500000 -0.693832 0.945302 0.326196 -0.071778;
0.310000 0.000000 0.500000 0.500000 -0.651531 0.921376 0.388673 -0.071778;
0.312000 0.000000 0.500000 0.500000 -0.606232 0.904170 0.427173 -0.071778;
0.314000 0.000000 0.500000 0.500000 -0.559009 0.893629 0.448807 -0.071778;
0.316000 0.000000 0.500000 0.500000 -0.510576 0.888752 0.458388 -0.071778;
0.318000 0.000000 0.500000 0.500000 -0.461426 0.888373 0.459123 -0.071778;
0.320000 0.000000 0.500000 0.500000 -0.411907 0.891427 0.453165 -0.071778;
0.322000 0.000000 0.500000 0.500000 -0.362278 0.897019 0.441992 -0.071778;
0.324000 0.000000 0.500000 0.500000 -0.312738 0.904420 0.426644 -0.071778;
0.326000 0.000000 0.500000 0.500000 -0.263443 0.913038 0.407874 -0.071778;
0.328000 0.000000 0.500000 0.500000 -0.214526 0.922398 0.386240 -0.071778;
0.330000 0.000000 0.500000 0.500000 -0.166094 0.932112 0.362171 -0.071778;
0.332000 0.000000 0.500000 0.500000 -0.118244 0.941860 0.336005 -0.071778;
0.334000 0.000000 0.500000 0.500000 -0.117033 0.995224 0.097615 -0.462889;
0.336000 0.000000 0.500000 0.500000 -0.080391 0.996880 0.078927 -0.462889;
0.338000 0.000000 0.500000 0.500000 -0.044117 0.998300 0.058290 -0.462889;
0.340000 0.000000 0.500000 0.500000 -0.008305 0.999354 0.035936 -0.462889;
0.342000 0.000000 0.500000 0.500000 0.026960 0.999927 0.012068 -0.462889;
0.344000 0.000000 0.500000 0.500000 0.061598 0.999914 -0.013130 -0.462889;
0.346000 0.000000 0.500000 0.500000 0.095539 0.999220 -0.039495 -0.462889;
0.348000 0.000000 0.500000 0.500000 0.128719 0.997761 -0.066878 -0.462889;
0.350000 0.000000 0.500000 0.500000 0.161077 0.995464 -0.095140 -0.462889;
0.352000 0.000000 0.500000 0.500000 0.192557 0.992263 -0.124157 -0.462889;
0.354000 0.000000 0.500000 0.500000 0.223108 0.988101 -0.153808 -0.462889;
0.356000 0.000000 0.500000 0.500000 0.252681 0.982929 -0.183985 -0.462889;
0.358000 0.000000 0.500000 0.500000 0.281231 0.976706 -0.214581 -0.462889;
0.360000 0.000000 0.500000 0.500000 0.308717 0.969397 -0.245497 -0.462889;
0.362000 0.000000 0.500000 0.500000 0.335098 0.960974 -0.276639 -0.462889;
0.364000 0.000000 0.500000 0.500000 0.360338 0.951413 -0.307917 -0.462889;
0.366000 0.000000 0.500000 0.500000 0.384402 0.940699 -0.339243 -0.462889;
0.368000 0.000000 0.500000 0.500000 0.407258 0.928819 -0.370534 -0.462889;
0.370000 0.000000 0.500000 0.500000 0.428876 0.915767 -0.401709 -0.462889;
0.372000 0.000000 0.500000 0.500000 0.449227 0.901542 -0.432691 -0.462889;
0.374000 0.000000 0.500000 0.500000 0.468287 0.886146 -0.463406 -0.462889;
0.376000 0.000000 0.500000 0.500000 0.486029 0.869586 -0.493781 -0.462889;
0.378000 0.000000 0.500000 0.500000 0.502433 0.851874 -0.523747 -0.462889;
0.380000 0.000000 0.500000 0.500000 0.517478 0.833025 -0.553236 -0.462889;
0.382000 0.000000 0.500000 0.500000 0.531146 0.813057 -0.582185 -0.462889;
0.384000 0.000000 0.500000 0.500000 0.543419 0.791993 -0.610531 -0.462889;
0.386000 0.000000 0.500000 0.500000 0.554283 0.769858 -0.638215 -0.462889;
0.388000 0.000000 0.500000 0.500000 0.563725 0.746684 -0.665179 -0.462889;
0.390000 0.000000 0.500000 0.500000 0.571734 0.722500 -0.691371 -0.462889;
0.392000 0.000000 0.500000 0.500000 0.578299 0.697343 -0.716738 -0.462889;
0.394000 0.000000 0.500000 0.500000 0.583414 0.671251 -0.741230 -0.462889;
0.396000 0.000000 0.500000 0.500000 0.587071 0.644265 -0.764803 -0.462889;
0.398000 0.000000 0.500000 0.500000 0.589268 0.616427 -0.787412 -0.462889;
0.400000 0.000000 0.500000 0.500000 0.590000 0.587785 -0.809017 -0.462889;
0.402000 0.000000 0.500000 0.500000 0.589268 0.558387 -0.829581 -0.462889;
0.404000 0.000000 0.500000 0.500000 0.587071 0.528282 -0.849069 -0.462889;
0.406000 0.000000 0.500000 0.500000 0.583414 0.497524 -0.867450 -0.462889;
0.408000 0.000000 0.500000 0.500000 0.578299 0.466167 -0.884697 -0.462889;
0.410000 0.000000 0.500000 0.500000 0.571734 0.434268 -0.900784 -0.462889;
0.412000 0.000000 0.500000 0.500000 0.563725 0.401885 -0.915690 -0.462889;
0.414000 0.000000 0.500000 0.500000 0.554283 0.369079 -0.929398 -0.462889;
0.416000 0.000000 0.500000 0.500000 0.543419 0.335910 -0.941894 -0.462889;
0.418000 0.000000 0.500000 0.500000 0.531146 0.302442 -0.953168 -0.462889;
0.420000 0.000000 0.500000 0.500000 0.517478 0.268740 -0.963213 -0.462889;
0.422000 0.000000 0.500000 0.500000 0.502433 0.234869 -0.972027 -0.462889;
0.424000 0.000000 0.500000 0.500000 0.486029 0.200897 -0.979612 -0.462889;
0.426000 0.000000 0.500000 0.500000 0.468287 0.166891 -0.985975 -0.462889;
0.428000 0.000000 0.500000 0.500000 0.449227 0.132922 -0.991127 -0.462889;
0.430000 0.000000 0.500000 0.500000 0.428876 0.099060 -0.995081 -0.462889;
0.432000 0.000000 0.500000 0.500000 0.407258 0.065377 -0.997861 -0.462889;
0.434000 0.000000 0.500000 0.500000 0.384402 0.031947 -0.999490 -0.462889;
0.436000 0.000000 0.500000 0.500000 0.360338 -0.001157 -0.999999 -0.462889;
0.438000 0.000000 0.500000 0.500000 0.335098 -0.033858 -0.999427 -0.462889;
0.440000 0.000000 0.500000 0.500000 0.308717 -0.066079 -0.997814 -0.462889;
0.442000 0.000000 0.500000 0.500000 0.281231 -0.097741 -0.995212 -0.462889;
0.444000 0.000000 0.500000 0.500000 0.252681 -0.128762 -0.991676 -0.462889;
0.446000 0.000000 0.500000 0.500000 0.223108 -0.159059 -0.987269 -0.462889;
0.448000 0.000000 0.500000 0.500000 0.192557 -0.188546 -0.982064 -0.462889;
0.450000 0.000000 0.500000 0.500000 0.161077 -0.217131 -0.976142 -0.462889;
0.452000 0.000000 0.500000 0.500000 0.128719 -0.244721 -0.969594 -0.462889;
0.454000 0.000000 0.500000 0.500000 0.095539 -0.271214 -0.962519 -0.462889;
0.456000 0.000000 0.500000 0.500000 0.061598 -0.296503 -0.955032 -0.462889;
0.458000 0.000000 0.500000 0.500000 0.026960 -0.320472 -0.947258 -0.462889;
0.460000 0.000000 0.500000 0.500000 -0.008305 -0.342994 -0.939337 -0.462889;
0.462000 0.000000 0.500000 0.500000 -0.044117 -0.363929 -0.931427 -0.462889;
0.464000 0.000000 0.500000 0.500000 -0.080391 -0.383117 -0.923700 -0.462889;
0.466000 0.000000 0.500000 0.500000 -0.117033 -0.400378 -0.916350 -0.462889;
0.468000 0.000000 0.500000 0.500000 -0.153936 -0.415505 -0.909591 -0.462889;
0.470000 0.000000 0.500000 0.500000 -0.190980 -0.428255 -0.903658 -0.462889;
0.472000 0.000000 0.500000 0.500000 -0.228029 -0.438339 -0.898810 -0.462889;
0.474000 0.000000 0.500000 0.500000 -0.264926 -0.445417 -0.895323 -0.462889;
0.476000 0.000000 0.500000 0.500000 -0.301489 -0.449076 -0.893493 -0.462889;
0.478000 0.000000 0.500000 0.500000 -0.337509 -0.448825 -0.893620 -0.462889;
0.480000 0.000000 0.500000 0.500000 -0.372736 -0.444071 -0.895992 -0.462889;
0.482000 0.000000 0.500000 0.500000 -0.406879 -0.434113 -0.900859 -0.462889;
0.484000 0.000000 0.500000 0.500000 -0.439591 -0.418136 -0.908385 -0.462889;
0.486000 0.000000 0.500000 0.500000 -0.470468 -0.395229 -0.918583 -0.462889;
0.488000 0.000000 0.500000 0.500000 -0.499037 -0.364441 -0.931226 -0.462889;
0.490000 0.000000 0.500000 0.500000 -0.524760 -0.324895 -0.945750 -0.462889;
0.492000 0.000000 0.500000 0.500000 -0.547041 -0.275986 -0.961162 -0.462889;
0.494000 0.000000 0.500000 0.500000 -0.565257 -0.217668 -0.976023 -0.462889;
0.496000 0.000000 0.500000 0.500000 -0.578806 -0.150769 -0.988569 -0.462889;
0.498000 0.000000 0.500000 0.500000 -0.587170 -0.077215 -0.997014 -0.462889;
0.500000 0.000000 0.500000 0.500000 -0.390000 -0.000000 -1.000000 -0.706889;
0.502000 0.000000 0.500000 0.500000 -0.388740 0.027503 -0.999622 -0.706889;
0.504000 0.000000 0.500000 0.500000 -0.384979 0.054401 -0.998519 -0.706889;
0.506000 0.000000 0.500000 0.500000 -0.378779 0.080125 -0.996785 -0.706889;
0.508000 0.000000 0.500000 0.500000 -0.370234 0.104169 -0.994560 -0.706889;
0.510000 0.000000 0.500000 0.500000 -0.359472 0.126112 -0.992016 -0.706889;
0.512000 0.000000 0.500000 0.500000 -0.346644 0.145630 -0.989339 -0.706889;
0.514000 0.000000 0.500000 0.500000 -0.331917 0.162498 -0.986709 -0.706889;
0.516000 0.000000 0.500000 0.500000 -0.315470 0.176578 -0.984287 -0.706889;
0.518000 0.000000 0.500000 0.500000 -0.297487 0.187816 -0.982204 -0.706889;
0.520000 0.000000 0.500000 0.500000 -0.278150 0.196218 -0.980560 -0.706889;
0.522000 0.000000 0.500000 0.500000 -0.257639 0.201842 -0.979418 -0.706889;
0.524000 0.000000 0.500000 0.500000 -0.236125 0.204781 -0.978808 -0.706889;
0.526000 0.000000 0.500000 0.500000 -0.213773 0.205151 -0.978730 -0.706889;
0.528000 0.000000 0.500000 0.500000 -0.190735 0.203084 -0.979161 -0.706889;
0.530000 0.000000 0.500000 0.500000 -0.167157 0.198718 -0.980057 -0.706889;
0.532000 0.000000 0.500000 0.500000 -0.143171 0.192195 -0.981357 -0.706889;
0.534000 0.000000 0.500000 0.500000 -0.118903 0.183653 -0.982991 -0.706889;
0.536000 0.000000 0.500000 0.500000 -0.094466 0.173228 -0.984882 -0.706889;
0.538000 0.000000 0.500000 0.500000 -0.069966 0.161049 -0.986946 -0.706889;
0.540000 0.000000 0.500000 0.500000 -0.045502 0.147240 -0.989101 -0.706889;
0.542000 0.000000 0.500000 0.500000 -0.021163 0.131920 -0.991260 -0.706889;
0.544000 0.000000 0.500000 0.500000 0.002967 0.115198 -0.993343 -0.706889;
0.546000 0.000000 0.500000 0.500000 0.026811 0.097183 -0.995267 -0.706889;
0.548000 0.000000 0.500000 0.500000 0.050297 0.077973 -0.996955 -0.706889;
0.550000 0.000000 0.500000 0.500000 0.073359 0.057665 -0.998336 -0.706889;
0.552000 0.000000 0.500000 0.500000 0.095936 0.036349 -0.999339 -0.706889;
0.554000 0.000000 0.500000 0.500000 0.117971 0.014114 -0.999900 -0.706889;
0.556000 0.000000 0.500000 0.500000 0.139411 -0.008959 -0.999960 -0.706889;
0.558000 0.000000 0.500000 0.500000 0.160206 -0.032787 -0.999462 -0.706889;
0.560000 0.000000 0.500000 0.500000 0.180311 -0.057294 -0.998357 -0.706889;
0.562000 0.000000 0.500000 0.500000 0.199682 -0.082404 -0.996599 -0.706889;
0.564000 0.000000 0.500000 0.500000 0.218281 -0.108045 -0.994146 -0.706889;
0.566000 0.000000 0.500000 0.500000 0.236070 -0.134146 -0.990962 -0.706889;
0.568000 0.000000 0.500000 0.500000 0.253014 -0.160638 -0.987013 -0.706889;
0.570000 0.000000 0.500000 0.500000 0.269083 -0.187454 -0.982273 -0.706889;
0.572000 0.000000 0.500000 0.500000 0.284247 -0.214530 -0.976717 -0.706889;
0.574000 0.000000 0.500000 0.500000 0.298479 -0.241800 -0.970326 -0.706889;
0.576000 0.000000 0.500000 0.500000 0.311753 -0.269204 -0.963083 -0.706889;
0.578000 0.000000 0.500000 0.500000 0.324047 -0.296679 -0.954977 -0.706889;
0.580000 0.000000 0.500000 0.500000 0.335340 -0.324167 -0.946000 -0.706889;
0.582000 0.000000 0.500000 0.500000 0.345614 -0.351611 -0.936146 -0.706889;
0.584000 0.000000 0.500000 0.500000 0.354850 -0.378953 -0.925416 -0.706889;
0.586000 0.000000 0.500000 0.500000 0.363035 -0.406138 -0.913812 -0.706889;
0.588000 0.000000 0.500000 0.500000 0.370155 -0.433114 -0.901339 -0.706889;
0.590000 0.000000 0.500000 0.500000 0.376199 -0.459829 -0.888008 -0.706889;
0.592000 0.000000 0.500000 0.500000 0.381157 -0.486232 -0.873830 -0.706889;
0.594000 0.000000 0.500000 0.500000 0.385021 -0.512275 -0.858822 -0.706889;
0.596000 0.000000 0.500000 0.500000 0.387786 -0.537911 -0.843002 -0.706889;
0.598000 0.000000 0.500000 0.500000 0.389446 -0.563095 -0.826392 -0.706889;
0.600000 0.000000 0.500000 0.500000 0.390000 -0.587785 -0.809017 -0.706889;
0.602000 0.000000 0.500000 0.500000 0.389446 -0.611939 -0.790905 -0.706889;
0.604000 0.000000 0.500000 0.500000 0.387786 -0.635519 -0.772086 -0.706889;
0.606000 0.000000 0.500000 0.500000 0.385021 -0.658486 -0.752593 -0.706889;
0.608000 0.000000 0.500000 0.500000 0.381157 -0.680808 -0.732462 -0.706889;
0.610000 0.000000 0.500000 0.500000 0.376199 -0.702451 -0.711733 -0.706889;
0.612000 0.000000 0.500000 0.500000 0.370155 -0.723385 -0.690445 -0.706889;
0.614000 0.000000 0.500000 0.500000 0.363035 -0.743583 -0.668644 -0.706889;
0.616000 0.000000 0.500000 0.500000 0.354850 -0.763020 -0.646375 -0.706889;
0.618000 0.000000 0.500000 0.500000 0.345614 -0.781674 -0.623687 -0.706889;
0.620000 0.000000 0.500000 0.500000 0.335340 -0.799526 -0.600631 -0.706889;
0.622000 0.000000 0.500000 0.500000 0.324047 -0.816558 -0.577263 -0.706889;
0.624000 0.000000 0.500000 0.500000 0.311753 -0.832758 -0.553637 -0.706889;
0.626000 0.000000 0.500000 0.500000 0.298479 -0.848115 -0.529813 -0.706889;
0.628000 0.000000 0.500000 0.500000 0.284247 -0.862620 -0.505852 -0.706889;
0.630000 0.000000 0.500000 0.500000 0.269083 -0.876271 -0.481819 -0.706889;
0.632000 0.000000 0.500000 0.500000 0.253014 -0.889066 -0.457780 -0.706889;
0.634000 0.000000 0.500000 0.500000 0.236070 -0.901007 -0.433804 -0.706889;
0.636000 0.000000 0.500000 0.500000 0.218281 -0.912101 -0.409965 -0.706889;
0.638000 0.000000 0.500000 0.500000 0.199682 -0.922358 -0.386337 -0.706889;
0.640000 0.000000 0.500000 0.500000 0.180311 -0.931790 -0.362999 -0.706889;
0.642000 0.000000 0.500000 0.500000 0.160206 -0.940413 -0.340033 -0.706889;
0.644000 0.000000 0.500000 0.500000 0.139411 -0.948250 -0.317525 -0.706889;
0.646000 0.000000 0.500000 0.500000 0.117971 -0.955323 -0.295563 -0.706889;
0.648000 0.000000 0.500000 0.500000 0.095936 -0.961661 -0.274243 -0.706889;
0.650000 0.000000 0.500000 0.500000 0.073359 -0.967293 -0.253660 -0.706889;
0.652000 0.000000 0.500000 0.500000 0.050297 -0.972256 -0.233919 -0.706889;
0.654000 0.000000 0.500000 0.500000 0.026811 -0.976586 -0.215128 -0.706889;
0.656000 0.000000 0.500000 0.500000 0.002967 -0.980323 -0.197400 -0.706889;
0.658000 0.000000 0.500000 0.500000 -0.021163 -0.983510 -0.180853 -0.706889;
0.660000 0.000000 0.500000 0.500000 -0.045502 -0.986190 -0.165615 -0.706889;
0.662000 0.000000 0.500000 0.500000 -0.069966 -0.988409 -0.151817 -0.706889;
0.664000 0.000000 0.500000 0.500000 -0.094466 -0.990209 -0.139596 -0.706889;
0.666000 0.000000 0.500000 0.500000 -0.118903 -0.991632 -0.129096 -0.706889;
0.668000 0.000000 0.500000 0.500000 -0.083756 -0.939859 -0.341563 -0.859000;
0.670000 0.000000 0.500000 0.500000 -0.094021 -0.942347 -0.334636 -0.859000;
0.672000 0.000000 0.500000 0.500000 -0.103938 -0.944514 -0.328471 -0.859000;
0.674000 0.000000 0.500000 0.500000 -0.113454 -0.946376 -0.323068 -0.859000;
0.676000 0.000000 0.500000 0.500000 -0.122520 -0.947948 -0.318424 -0.859000;
0.678000 0.000000 0.500000 0.500000 -0.131084 -0.949249 -0.314526 -0.859000;
0.680000 0.000000 0.500000 0.500000 -0.139097 -0.950295 -0.311352 -0.859000;
0.682000 0.000000 0.500000 0.500000 -0.146512 -0.951103 -0.308874 -0.859000;
0.684000 0.000000 0.500000 0.500000 -0.153283 -0.951692 -0.307054 -0.859000;
0.686000 0.000000 0.500000 0.500000 -0.159368 -0.952081 -0.305846 -0.859000;
0.688000 0.000000 0.500000 0.500000 -0.164727 -0.952290 -0.305196 -0.859000;
0.690000 0.000000 0.500000 0.500000 -0.169326 -0.952340 -0.305039 -0.859000;
0.692000 0.000000 0.500000 0.500000 -0.173132 -0.952254 -0.305307 -0.859000;
0.694000 0.000000 0.500000 0.500000 -0.176121 -0.952056 -0.305923 -0.859000;
0.696000 0.000000 0.500000 0.500000 -0.178271 -0.951772 -0.306805 -0.859000;
0.698000 0.000000 0.500000 0.500000 -0.179567 -0.951430 -0.307866 -0.859000;
0.700000 0.000000 0.500000 0.500000 -0.180000 -0.951057 -0.309017 -0.859000;
0.702000 0.000000 0.500000 0.500000 -0.179567 -0.950682 -0.310168 -0.859000;
0.704000 0.000000 0.500000 0.500000 -0.178271 -0.950335 -0.311227 -0.859000;
0.706000 0.000000 0.500000 0.500000 -0.176121 -0.950047 -0.312107 -0.859000;
0.708000 0.000000 0.500000 0.500000 -0.173132 -0.949845 -0.312722 -0.859000;
0.710000 0.000000 0.500000 0.500000 -0.169326 -0.949757 -0.312989 -0.859000;
0.712000 0.000000 0.500000 0.500000 -0.164727 -0.949808 -0.312833 -0.859000;
0.714000 0.000000 0.500000 0.500000 -0.159368 -0.950022 -0.312184 -0.859000;
0.716000 0.000000 0.500000 0.500000 -0.153283 -0.950417 -0.310978 -0.859000;
0.718000 0.000000 0.500000 0.500000 -0.146512 -0.951010 -0.309160 -0.859000;
0.720000 0.000000 0.500000 0.500000 -0.139097 -0.951813 -0.306680 -0.859000;
0.722000 0.000000 0.500000 0.500000 -0.131084 -0.952832 -0.303498 -0.859000;
0.724000 0.000000 0.500000 0.500000 -0.122520 -0.954071 -0.299579 -0.859000;
0.726000 0.000000 0.500000 0.500000 -0.113454 -0.955529 -0.294898 -0.859000;
0.728000 0.000000 0.500000 0.500000 -0.103938 -0.957198 -0.289433 -0.859000;
0.730000 0.000000 0.500000 0.500000 -0.094021 -0.959069 -0.283172 -0.859000;
0.732000 0.000000 0.500000 0.500000 -0.083756 -0.961127 -0.276105 -0.859000;
0.734000 0.000000 0.500000 0.500000 -0.073194 -0.963355 -0.268231 -0.859000;
0.736000 0.000000 0.500000 0.500000 -0.062386 -0.965730 -0.259550 -0.859000;
0.738000 0.000000 0.500000 0.500000 -0.051383 -0.968228 -0.250069 -0.859000;
0.740000 0.000000 0.500000 0.500000 -0.040232 -0.970823 -0.239798 -0.859000;
0.742000 0.000000 0.500000 0.500000 -0.028984 -0.973485 -0.228750 -0.859000;
0.744000 0.000000 0.500000 0.500000 -0.017685 -0.976185 -0.216942 -0.859000;
0.746000 0.000000 0.500000 0.500000 -0.006380 -0.978889 -0.204391 -0.859000;
0.748000 0.000000 0.500000 0.500000 0.004886 -0.981567 -0.191121 -0.859000;
0.750000 0.000000 0.500000 0.500000 0.016071 -0.984183 -0.177153 -0.859000;
0.752000 0.000000 0.500000 0.500000 0.027134 -0.986706 -0.162513 -0.859000;
0.754000 0.000000 0.500000 0.500000 0.038037 -0.989103 -0.147227 -0.859000;
0.756000 0.000000 0.500000 0.500000 0.048741 -0.991340 -0.131324 -0.859000;
0.758000 0.000000 0.500000 0.500000 0.059211 -0.993385 -0.114832 -0.859000;
0.760000 0.000000 0.500000 0.500000 0.069414 -0.995208 -0.097782 -0.859000;
0.762000 0.000000 0.500000 0.500000 0.079317 -0.996778 -0.080205 -0.859000;
0.764000 0.000000 0.500000 0.500000 0.088890 -0.998068 -0.062132 -0.859000;
0.766000 0.000000 0.500000 0.500000 0.098104 -0.999049 -0.043597 -0.859000;
0.768000 0.000000 0.500000 0.500000 0.106932 -0.999697 -0.024633 -0.859000;
0.770000 0.000000 0.500000 0.500000 0.115349 -0.999986 -0.005273 -0.859000;
0.772000 0.000000 0.500000 0.500000 0.123331 -0.999896 0.014448 -0.859000;
0.774000 0.000000 0.500000 0.500000 0.130857 -0.999405 0.034497 -0.859000;
0.776000 0.000000 0.500000 0.500000 0.137905 -0.998495 0.054837 -0.859000;
0.778000 0.000000 0.500000 0.500000 0.144458 -0.997151 0.075435 -0.859000;
0.780000 0.000000 0.500000 0.500000 0.150498 -0.995357 0.096255 -0.859000;
0.782000 0.000000 0.500000 0.500000 0.156010 -0.993101 0.117262 -0.859000;
0.784000 0.000000 0.500000 0.500000 0.160978 -0.990373 0.138421 -0.859000;
0.786000 0.000000 0.500000 0.500000 0.165392 -0.987166 0.159697 -0.859000;
0.788000 0.000000 0.500000 0.500000 0.169239 -0.983473 0.181055 -0.859000;
0.790000 0.000000 0.500000 0.500000 0.172510 -0.979290 0.202461 -0.859000;
0.792000 0.000000 0.500000 0.500000 0.175198 -0.974617 0.223880 -0.859000;
0.794000 0.000000 0.500000 0.500000 0.177295 -0.969453 0.245279 -0.859000;
0.796000 0.000000 0.500000 0.500000 0.178797 -0.963801 0.266623 -0.859000;
0.798000 0.000000 0.500000 0.500000 0.179699 -0.957667 0.287880 -0.859000;
0.800000 0.000000 0.500000 0.500000 0.180000 -0.951057 0.309017 -0.859000;
0.802000 0.000000 0.500000 0.500000 0.179699 -0.943980 0.330003 -0.859000;
0.804000 0.000000 0.500000 0.500000 0.178797 -0.936448 0.350806 -0.859000;
0.806000 0.000000 0.500000 0.500000 0.177295 -0.928475 0.371395 -0.859000;
0.808000 0.000000 0.500000 0.500000 0.175198 -0.920075 0.391743 -0.859000;
0.810000 0.000000 0.500000 0.500000 0.172510 -0.911266 0.411818 -0.859000;
0.812000 0.000000 0.500000 0.500000 0.169239 -0.902068 0.431594 -0.859000;
0.814000 0.000000 0.500000 0.500000 0.165392 -0.892502 0.451044 -0.859000;
0.816000 0.000000 0.500000 0.500000 0.160978 -0.882591 0.470142 -0.859000;
0.818000 0.000000 0.500000 0.500000 0.156010 -0.872360 0.488863 -0.859000;
0.820000 0.000000 0.500000 0.500000 0.150498 -0.861838 0.507184 -0.859000;
0.822000 0.000000 0.500000 0.500000 0.144458 -0.851051 0.525082 -0.859000;
0.824000 0.000000 0.500000 0.500000 0.137905 -0.840032 0.542537 -0.859000;
0.826000 0.000000 0.500000 0.500000 0.130857 -0.828812 0.559527 -0.859000;
0.828000 0.000000 0.500000 0.500000 0.123331 -0.817425 0.576035 -0.859000;
0.830000 0.000000 0.500000 0.500000 0.115349 -0.805906 0.592043 -0.859000;
0.832000 0.000000 0.500000 0.500000 0.106932 -0.794293 0.607535 -0.859000;
0.834000 0.000000 0.500000 0.500000 0.000000 -0.863923 0.503623 -0.888889;
0.836000 0.000000 0.500000 0.500000 0.000000 -0.857527 0.514440 -0.888889;
0.838000 0.000000 0.500000 0.500000 -0.000000 -0.850994 0.525175 -0.888889;
0.840000 0.000000 0.500000 0.500000 0.000000 -0.844328 0.535827 -0.888889;
0.842000 0.000000 0.500000 0.500000 0.000000 -0.837528 0.546394 -0.888889;
0.844000 0.000000 0.500000 0.500000 0.000000 -0.830596 0.556876 -0.888889;
0.846000 0.000000 0.500000 0.500000 0.000000 -0.823533 0.567269 -0.888889;
0.848000 0.000000 0.500000 0.500000 0.000000 -0.816339 0.577573 -0.888889;
0.850000 0.000000 0.500000 0.500000 0.000000 -0.809017 0.587785 -0.888889;
0.852000 0.000000 0.500000 0.500000 0.000000 -0.801567 0.597905 -0.888889;
0.854000 0.000000 0.500000 0.500000 0.000000 -0.793990 0.607930 -0.888889;
0.856000 0.000000 0.500000 0.500000 0.000000 -0.786288 0.617860 -0.888889;
0.858000 0.000000 0.500000 0.500000 0.000000 -0.778462 0.627691 -0.888889;
0.860000 0.000000 0.500000 0.500000 0.000000 -0.770513 0.637424 -0.888889;
0.862000 0.000000 0.500000 0.500000 0.000000 -0.762443 0.647056 -0.888889;
0.864000 0.000000 0.500000 0.500000 0.000000 -0.754251 0.656586 -0.888889;
0.866000 0.000000 0.500000 0.500000 0.000000 -0.745941 0.666012 -0.888889;
0.868000 0.000000 0.500000 0.500000 0.000000 -0.737513 0.675333 -0.888889;
0.870000 0.000000 0.500000 0.500000 0.000000 -0.728969 0.684547 -0.888889;
0.872000 0.000000 0.500000 0.500000 0.000000 -0.720309 0.693653 -0.888889;
0.874000 0.000000 0.500000 0.500000 0.000000 -0.711536 0.702650 -0.888889;
0.876000 0.000000 0.500000 0.500000 0.000000 -0.702650 0.711536 -0.888889;
0.878000 0.000000 0.500000 0.500000 0.000000 -0.693653 0.720309 -0.888889;
0.880000 0.000000 0.500000 0.500000 0.000000 -0.684547 0.728969 -0.888889;
0.882000 0.000000 0.500000 0.500000 0.000000 -0.675333 0.737513 -0.888889;
0.884000 0.000000 0.500000 0.500000 0.000000 -0.666012 0.745941 -0.888889;
0.886000 0.000000 0.500000 0.500000 0.000000 -0.656586 0.754251 -0.888889;
0.888000 0.000000 0.500000 0.500000 0.000000 -0.647056 0.762443 -0.888889;
0.890000 0.000000 0.500000 0.500000 -0.000000 -0.637424 0.770513 -0.888889;
0.892000 0.000000 0.500000 0.500000 0.000000 -0.627691 0.778462 -0.888889;
0.894000 0.000000 0.500000 0.500000 0.000000 -0.617860 0.786288 -0.888889;
0.896000 0.000000 0.500000 0.500000 0.000000 -0.607930 0.793990 -0.888889;
0.898000 0.000000 0.500000 0.500000 0.000000 -0.597905 0.801567 -0.888889;
0.900000 0.000000 0.500000 0.500000 0.000000 -0.587785 0.809017 -0.888889;
0.902000 0.000000 0.500000 0.500000 0.000000 -0.577573 0.816339 -0.888889;
0.904000 0.000000 0.500000 0.500000 0.000000 -0.567269 0.823533 -0.888889;
0.906000 0.000000 0.500000 0.500000 0.000000 -0.556876 0.830596 -0.888889;
0.908000 0.000000 0.500000 0.500000 0.000000 -0.546394 0.837528 -0.888889;
0.910000 0.000000 0.500000 0.500000 0.000000 -0.535827 0.844328 -0.888889;
0.912000 0.000000 0.500000 0.500000 0.000000 -0.525175 0.850994 -0.888889;
0.914000 0.000000 0.500000 0.500000 0.000000 -0.514440 0.857527 -0.888889;
0.916000 0.000000 0.500000 0.500000 0.000000 -0.503623 0.863923 -0.888889;
0.918000 0.000000 0.500000 0.500000 0.000000 -0.492727 0.870184 -0.888889;
0.920000 0.000000 0.500000 0.500000 0.000000 -0.481754 0.876307 -0.888889;
0.922000 0.000000 0.500000 0.500000 0.000000 -0.470704 0.882291 -0.888889;
0.924000 0.000000 0.500000 0.500000 0.000000 -0.459580 0.888136 -0.888889;
0.926000 0.000000 0.500000 0.500000 -0.000000 -0.448383 0.893841 -0.888889;
0.928000 0.000000 0.500000 0.500000 0.000000 -0.437116 0.899405 -0.888889;
0.930000 0.000000 0.500000 0.500000 -0.000000 -0.425779 0.904827 -0.888889;
0.932000 0.000000 0.500000 0.500000 0.000000 -0.414376 0.910106 -0.888889;
0.934000 0.000000 0.500000 0.500000 0.000000 -0.402906 0.915241 -0.888889;
0.936000 0.000000 0.500000 0.500000 -0.000000 -0.391374 0.920232 -0.888889;
0.938000 0.000000 0.500000 0.500000 0.000000 -0.379779 0.925077 -0.888889;
0.940000 0.000000 0.500000 0.500000 0.000000 -0.368125 0.929776 -0.888889;
0.942000 0.000000 0.500000 0.500000 -0.000000 -0.356412 0.934329 -0.888889;
0.944000 0.000000 0.500000 0.500000 -0.000000 -0.344643 0.938734 -0.888889;
0.946000 0.000000 0.500000 0.500000 0.000000 -0.332820 0.942991 -0.888889;
0.948000 0.000000 0.500000 0.500000 0.000000 -0.320944 0.947098 -0.888889;
0.950000 0.000000 0.500000 0.500000 0.000000 -0.309017 0.951057 -0.888889;
0.952000 0.000000 0.500000 0.500000 0.000000 -0.297042 0.954865 -0.888889;
0.954000 0.000000 0.500000 0.500000 0.000000 -0.285019 0.958522 -0.888889;
0.956000 0.000000 0.500000 0.500000 0.000000 -0.272952 0.962028 -0.888889;
0.958000 0.000000 0.500000 0.500000 0.000000 -0.260842 0.965382 -0.888889;
0.960000 0.000000 0.500000 0.500000 0.000000 -0.248690 0.968583 -0.888889;
0.962000 0.000000 0.500000 0.500000 0.000000 -0.236499 0.971632 -0.888889;
0.964000 0.000000 0.500000 0.500000 -0.000000 -0.224271 0.974527 -0.888889;
0.966000 0.000000 0.500000 0.500000 0.000000 -0.212007 0.977268 -0.888889;
0.968000 0.000000 0.500000 0.500000 0.000000 -0.199710 0.979855 -0.888889;
0.970000 0.000000 0.500000 0.500000 0.000000 -0.187381 0.982287 -0.888889;
0.972000 0.000000 0.500000 0.500000 0.000000 -0.175023 0.984564 -0.888889;
0.974000 0.000000 0.500000 0.500000 -0.000000 -0.162637 0.986686 -0.888889;
0.976000 0.000000 0.500000 0.500000 0.000000 -0.150226 0.988652 -0.888889;
0.978000 0.000000 0.500000 0.500000 0.000000 -0.137790 0.990461 -0.888889;
0.980000 0.000000 0.500000 0.500000 0.000000 -0.125333 0.992115 -0.888889;
0.982000 0.000000 0.500000 0.500000 0.000000 -0.112856 0.993611 -0.888889;
0.984000 0.000000 0.500000 0.500000 0.000000 -0.100362 0.994951 -0.888889;
0.986000 0.000000 0.500000 0.500000 0.000000 -0.087851 0.996134 -0.888889;
0.988000 0.000000 0.500000 0.500000 0.000000 -0.075327 0.997159 -0.888889;
0.990000 0.000000 0.500000 0.500000 0.000000 -0.062791 0.998027 -0.888889;
0.992000 0.000000 0.500000 0.500000 0.000000 -0.050244 0.998737 -0.888889;
0.994000 0.000000 0.500000 0.500000 0.000000 -0.037690 0.999289 -0.888889;
0.996000 0.000000 0.500000 0.500000 0.000000 -0.025130 0.999684 -0.888889;
0.998000 0.000000 0.500000 0.500000 0.000000 -0.012566 0.999921 -0.888889;
1.000000 0.000000 0.500000 0.500000 0.000000 -0.000000 1.000000 -0.888889;
0.000000 0.500000 0.000000 0.500000 1.000000 0.000000 1.000000 0.000000;
0.002000 0.500000 0.000000 0.500000 1.000000 0.018846 0.999822 0.000606;
0.004000 0.500000 0.000000 0.500000 1.000000 0.037672 0.999290 0.002423;
0.006000 0.500000 0.000000 0.500000 1.000000 0.056458 0.998405 0.005449;
0.008000 0.500000 0.000000 0.500000 1.000000 0.075185 0.997170 0.009679;
0.010000 0.500000 0.000000 0.500000 1.000000 0.093832 0.995588 0.015109;
0.012000 0.500000 0.000000 0.500000 1.000000 0.112381 0.993665 0.021730;
0.014000 0.500000 0.000000 0.500000 1.000000 0.130813 0.991407 0.029533;
0.016000 0.500000 0.000000 0.500000 1.000000 0.149111 0.988820 0.038508;
0.018000 0.500000 0.000000 0.500000 1.000000 0.167258 0.985913 0.048640;
0.020000 0.500000 0.000000 0.500000 1.000000 0.185236 0.982694 0.059915;
0.022000 0.500000 0.000000 0.500000 1.000000 0.203030 0.979172 0.072314;
0.024000 0.500000 0.000000 0.500000 1.000000 0.220627 0.975358 0.085818;
0.026000 0.500000 0.000000 0.500000 1.000000 0.238011 0.971263 0.100404;
0.028000 0.500000 0.000000 0.500000 1.000000 0.255170 0.966896 0.116045;
0.030000 0.500000 0.000000 0.500000 1.000000 0.272093 0.962271 0.132713;
0.032000 0.500000 0.000000 0.500000 1.000000 0.288769 0.957399 0.150376;
0.034000 0.500000 0.000000 0.500000 1.000000 0.305187 0.952292 0.168998;
0.036000 0.500000 0.000000 0.500000 1.000000 0.321340 0.946964 0.188541;
0.038000 0.500000 0.000000 0.500000 1.000000 0.337220 0.941426 0.208962;
0.040000 0.500000 0.000000 0.500000 1.000000 0.352819 0.935691 0.230213;
0.042000 0.500000 0.000000 0.500000 1.000000 0.368133 0.929773 0.252245;
0.044000 0.500000 0.000000 0.500000 1.000000 0.383157 0.923683 0.275001;
0.046000 0.500000 0.000000 0.500000 1.000000 0.397887 0.917434 0.298423;
0.048000 0.500000 0.000000 0.500000 1.000000 0.412321 0.911039 0.322446;
0.050000 0.500000 0.000000 0.500000 1.000000 0.426455 0.904509 0.347003;
0.052000 0.500000 0.000000 0.500000 1.000000 0.440290 0.897856 0.372019;
0.054000 0.500000 0.000000 0.500000 1.000000 0.453824 0.891091 0.397419;
0.056000 0.500000 0.000000 0.500000 1.000000 0.467058 0.884227 0.423118;
0.058000 0.500000 0.000000 0.500000 1.000000 0.479994 0.877272 0.449031;
0.060000 0.500000 0.000000 0.500000 1.000000 0.492632 0.870238 0.475068;
0.062000 0.500000 0.000000 0.500000 1.000000 0.504975 0.863134 0.501133;
0.064000 0.500000 0.000000 0.500000 1.000000 0.517026 0.855970 0.527127;
0.066000 0.500000 0.000000 0.500000 1.000000 0.528787 0.848754 0.552949;
0.068000 0.500000 0.000000 0.500000 1.000000 0.540264 0.841496 0.578492;
0.070000 0.500000 0.000000 0.500000 1.000000 0.551459 0.834202 0.603647;
0.072000 0.500000 0.000000 0.500000 1.000000 0.562377 0.826881 0.628305;
0.074000 0.500000 0.000000 0.500000 1.000000 0.573023 0.819539 0.652353;
0.076000 0.500000 0.000000 0.500000 1.000000 0.583402 0.812184 0.675675;
0.078000 0.500000 0.000000 0.500000 1.000000 0.593519 0.804820 0.698158;
0.080000 0.500000 0.000000 0.500000 1.000000 0.603379 0.797455 0.719685;
0.082000 0.500000 0.000000 0.500000 1.000000 0.612988 0.790092 0.740143;
0.084000 0.500000 0.000000 0.500000 1.000000 0.622352 0.782737 0.759418;
0.086000 0.500000 0.000000 0.500000 1.000000 0.631477 0.775394 0.777398;
0.088000 0.500000 0.000000 0.500000 1.000000 0.640369 0.768068 0.793976;
0.090000 0.500000 0.000000 0.500000 1.000000 0.649033 0.760761 0.809045;
0.092000 0.500000 0.000000 0.500000 1.000000 0.657475 0.753476 0.822504;
0.094000 0.500000 0.000000 0.500000 1.000000 0.665702 0.746217 0.834259;
0.096000 0.500000 0.000000 0.500000 1.000000 0.673720 0.738987 0.844218;
0.098000 0.500000 0.000000 0.500000 1.000000 0.681535 0.731786 0.852298;
0.100000 0.500000 0.000000 0.500000 1.000000 0.689152 0.724617 0.858423;
0.102000 0.500000 0.000000 0.500000 1.000000 0.696578 0.717481 0.862524;
0.104000 0.500000 0.000000 0.500000 1.000000 0.703818 0.710380 0.864541;
0.106000 0.500000 0.000000 0.500000 1.000000 0.710879 0.703314 0.864423;
0.108000 0.500000 0.000000 0.500000 1.000000 0.717766 0.696284 0.862129;
0.110000 0.500000 0.000000 0.500000 1.000000 0.724485 0.689290 0.857628;
0.112000 0.500000 0.000000 0.500000 1.000000 0.731042 0.682332 0.850897;
0.114000 0.500000 0.000000 0.500000 1.000000 0.737442 0.675411 0.841928;
0.116000 0.500000 0.000000 0.500000 1.000000 0.743690 0.668524 0.830720;
0.118000 0.500000 0.000000 0.500000 1.000000 0.749793 0.661673 0.817284;
0.120000 0.500000 0.000000 0.500000 1.000000 0.755754 0.654855 0.801642;
0.122000 0.500000 0.000000 0.500000 1.000000 0.761580 0.648071 0.783828;
0.124000 0.500000 0.000000 0.500000 1.000000 0.767276 0.641317 0.763885;
0.126000 0.500000 0.000000 0.500000 1.000000 0.772846 0.634594 0.741866;
0.128000 0.500000 0.000000 0.500000 1.000000 0.778295 0.627899 0.717835;
0.130000 0.500000 0.000000 0.500000 1.000000 0.783628 0.621230 0.691864;
0.132000 0.500000 0.000000 0.500000 1.000000 0.788851 0.614585 0.664036;
0.134000 0.500000 0.000000 0.500000 1.000000 0.793966 0.607962 0.634441;
0.136000 0.500000 0.000000 0.500000 1.000000 0.798980 0.601358 0.603176;
0.138000 0.500000 0.000000 0.500000 1.000000 0.803895 0.594771 0.570346;
0.140000 0.500000 0.000000 0.500000 1.000000 0.808718 0.588197 0.536061;
0.142000 0.500000 0.000000 0.500000 1.000000 0.813451 0.581634 0.500437;
0.144000 0.500000 0.000000 0.500000 1.000000 0.818099 0.575078 0.463595;
0.146000 0.500000 0.000000 0.500000 1.000000 0.822666 0.568525 0.425657;
0.148000 0.500000 0.000000 0.500000 1.000000 0.827156 0.561972 0.386751;
0.150000 0.500000 0.000000 0.500000 1.000000 0.831573 0.555416 0.347003;
0.152000 0.500000 0.000000 0.500000 1.000000 0.835920 0.548851 0.306542;
0.154000 0.500000 0.000000 0.500000 1.000000 0.840202 0.542273 0.265497;
0.156000 0.500000 0.000000 0.500000 1.000000 0.844422 0.535678 0.223995;
0.158000 0.500000 0.000000 0.500000 1.000000 0.848584 0.529061 0.182163;
0.160000 0.500000 0.000000 0.500000 1.000000 0.852690 0.522417 0.140122;
0.162000 0.500000 0.000000 0.500000 1.000000 0.856745 0.515740 0.097995;
0.164000 0.500000 0.000000 0.500000 1.000000 0.860752 0.509024 0.055895;
0.166000 0.500000 0.000000 0.500000 1.000000 0.864714 0.502264 0.013936;
0.168000 0.500000 0.000000 0.500000 0.988996 0.868635 0.495453 -0.027775;
0.170000 0.500000 0.000000 0.500000 0.972037 0.872516 0.488585 -0.069138;
0.172000 0.500000 0.000000 0.500000 0.954541 0.876363 0.481652 -0.110058;
0.174000 0.500000 0.000000 0.500000 0.936515 0.880177 0.474646 -0.150444;
0.176000 0.500000 0.000000 0.500000 0.917968 0.883961 0.467561 -0.190214;
0.178000 0.500000 0.000000 0.500000 0.898906 0.887718 0.460387 -0.229292;
0.180000 0.500000 0.000000 0.500000 0.879340 0.891452 0.453116 -0.267609;
0.182000 0.500000 0.000000 0.500000 0.859278 0.895163 0.445738 -0.305102;
0.184000 0.500000 0.000000 0.500000 0.838731 0.898856 0.438244 -0.341715;
0.186000 0.500000 0.000000 0.500000 0.817709 0.902532 0.430623 -0.377401;
0.188000 0.500000 0.000000 0.500000 0.796225 0.906193 0.422864 -0.412115;
0.190000 0.500000 0.000000 0.500000 0.774290 0.909842 0.414954 -0.445824;
0.192000 0.500000 0.000000 0.500000 0.751916 0.913481 0.406882 -0.478497;
0.194000 0.500000 0.000000 0.500000 0.729117 0.917110 0.398635 -0.510111;
0.196000 0.500000 0.000000 0.500000 0.705907 0.920732 0.390197 -0.540650;
0.198000 0.500000 0.000000 0.500000 0.682300 0.924347 0.381553 -0.570102;
0.200000 0.500000 0.000000 0.500000 0.658312 0.927957 0.372689 -0.598459;
0.202000 0.500000 0.000000 0.500000 0.633960 0.931561 0.363585 -0.625720;
0.204000 0.500000 0.000000 0.500000 0.609260 0.935161 0.354224 -0.651889;
0.206000 0.500000 0.000000 0.500000 0.584229 0.938755 0.344586 -0.676973;
0.208000 0.500000 0.000000 0.500000 0.558887 0.942342 0.334651 -0.700981;
0.210000 0.500000 0.000000 0.500000 0.533253 0.945922 0.324395 -0.723930;
0.212000 0.500000 0.000000 0.500000 0.507347 0.949491 0.313795 -0.745837;
0.214000 0.500000 0.000000 0.500000 0.481190 0.953046 0.302825 -0.766722;
0.216000 0.500000 0.000000 0.500000 0.454806 0.956584 0.291458 -0.786608;
0.218000 0.500000 0.000000 0.500000 0.428217 0.960098 0.279663 -0.805520;
0.220000 0.500000 0.000000 0.500000 0.401449 0.963583 0.267411 -0.823485;
0.222000 0.500000 0.000000 0.500000 0.374527 0.967029 0.254667 -0.840531;
0.224000 0.500000 0.000000 0.500000 0.347479 0.970427 0.241395 -0.856688;
0.226000 0.500000 0.000000 0.500000 0.320333 0.973765 0.227557 -0.871986;
0.228000 0.500000 0.000000 0.500000 0.293119 0.977028 0.213113 -0.886456;
0.230000 0.500000 0.000000 0.500000 0.265871 0.980198 0.198019 -0.900129;
0.232000 0.500000 0.000000 0.500000 0.238621 0.983256 0.182229 -0.913039;
0.234000 0.500000 0.000000 0.500000 0.211406 0.986177 0.165695 -0.925216;
0.236000 0.500000 0.000000 0.500000 0.184263 0.988933 0.148364 -0.936693;
0.238000 0.500000 0.000000 0.500000 0.157233 0.991490 0.130184 -0.947501;
0.240000 0.500000 0.000000 0.500000 0.130358 0.993809 0.111099 -0.957671;
0.242000 0.500000 0.000000 0.500000 0.103683 0.995846 0.091048 -0.967233;
0.244000 0.500000 0.000000 0.500000 0.077257 0.997549 0.069974 -0.976219;
0.246000 0.500000 0.000000 0.500000 0.051131 0.998856 0.047815 -0.984656;
0.248000 0.500000 0.000000 0.500000 0.025359 0.999700 0.024511 -0.992574;
0.250000 0.500000 0.000000 0.500000 0.000000 1.000000 0.000000 -1.000000;
0.252000 0.500000 0.000000 0.500000 -0.024885 0.999668 -0.025773 -0.992574;
0.254000 0.500000 0.000000 0.500000 -0.049231 0.998602 -0.052863 -0.984656;
0.256000 0.500000 0.000000 0.500000 -0.072968 0.996689 -0.081314 -0.976219;
0.258000 0.500000 0.000000 0.500000 -0.096022 0.993802 -0.111163 -0.967233;
0.260000 0.500000 0.000000 0.500000 -0.118317 0.989804 -0.142433 -0.957671;
0.262000 0.500000 0.000000 0.500000 -0.139772 0.984545 -0.175132 -0.947501;
0.264000 0.500000 0.000000 0.500000 -0.160301 0.977863 -0.209245 -0.936693;
0.266000 0.500000 0.000000 0.500000 -0.179818 0.969591 -0.244730 -0.925216;
0.268000 0.500000 0.000000 0.500000 -0.198232 0.959556 -0.281519 -0.913039;
0.270000 0.500000 0.000000 0.500000 -0.215453 0.947585 -0.319505 -0.900129;
0.272000 0.500000 0.000000 0.500000 -0.231388 0.933513 -0.358543 -0.886456;
0.274000 0.500000 0.000000 0.500000 -0.245947 0.917191 -0.398448 -0.871986;
0.276000 0.500000 0.000000 0.500000 -0.259044 0.898491 -0.438993 -0.856688;
0.278000 0.500000 0.000000 0.500000 -0.270595 0.877320 -0.479906 -0.840531;
0.280000 0.500000 0.000000 0.500000 -0.280526 0.853627 -0.520884 -0.823485;
0.282000 0.500000 0.000000 0.500000 -0.288771 0.827415 -0.561591 -0.805520;
0.284000 0.500000 0.000000 0.500000 -0.295276 0.798742 -0.601674 -0.786608;
0.286000 0.500000 0.000000 0.500000 -0.300000 0.767730 -0.640773 -0.766722;
0.288000 0.500000 0.000000 0.500000 -0.302917 0.734564 -0.678539 -0.745837;
0.290000 0.500000 0.000000 0.500000 -0.304019 0.699487 -0.714646 -0.723930;
0.292000 0.500000 0.000000 0.500000 -0.303312 0.662791 -0.748804 -0.700981;
0.294000 0.500000 0.000000 0.500000 -0.300821 0.624808 -0.780778 -0.676973;
0.296000 0.500000 0.000000 0.500000 -0.296585 0.585895 -0.810387 -0.651889;
0.298000 0.500000 0.000000 0.500000 -0.290659 0.546416 -0.837514 -0.625720;
0.300000 0.500000 0.000000 0.500000 -0.283109 0.506732 -0.862104 -0.598459;
0.302000 0.500000 0.000000 0.500000 -0.274015 0.467183 -0.884161 -0.570102;
0.304000 0.500000 0.000000 0.500000 -0.263461 0.428082 -0.903740 -0.540650;
0.306000 0.500000 0.000000 0.500000 -0.251541 0.389705 -0.920940 -0.510111;
0.308000 0.500000 0.000000 0.500000 -0.238349 0.352284 -0.935893 -0.478497;
0.310000 0.500000 0.000000 0.500000 -0.223984 0.316011 -0.948756 -0.445824;
0.312000 0.500000 0.000000 0.500000 -0.208544 0.281036 -0.959697 -0.412115;
0.314000 0.500000 0.000000 0.500000 -0.192125 0.247467 -0.968896 -0.377401;
0.316000 0.500000 0.000000 0.500000 -0.174820 0.215381 -0.976530 -0.341715;
0.318000 0.500000 0.000000 0.500000 -0.156721 0.184820 -0.982772 -0.305102;
0.320000 0.500000 0.000000 0.500000 -0.137914 0.155801 -0.987788 -0.267609;
0.322000 0.500000 0.000000 0.500000 -0.118481 0.128320 -0.991733 -0.229292;
0.324000 0.500000 0.000000 0.500000 -0.098499 0.102356 -0.994748 -0.190214;
0.326000 0.500000 0.000000 0.500000 -0.078040 0.077875 -0.996963 -0.150444;
0.328000 0.500000 0.000000 0.500000 -0.057174 0.054830 -0.998496 -0.110058;
0.330000 0.500000 0.000000 0.500000 -0.035962 0.033172 -0.999450 -0.069138;
0.332000 0.500000 0.000000 0.500000 -0.014464 0.012843 -0.999918 -0.027775;
0.334000 0.500000 0.000000 0.500000 0.007266 -0.006215 -0.999981 0.013936;
0.336000 0.500000 0.000000 0.500000 0.029177 -0.024062 -0.999710 0.055895;
0.338000 0.500000 0.000000 0.500000 0.051223 -0.040759 -0.999169 0.097995;
0.340000 0.500000 0.000000 0.500000 0.073360 -0.056364 -0.998410 0.140122;
0.342000 0.500000 0.000000 0.500000 0.095548 -0.070935 -0.997481 0.182163;
0.344000 0.500000 0.000000 0.500000 0.117752 -0.084528 -0.996421 0.223995;
0.346000 0.500000 0.000000 0.500000 0.139935 -0.097195 -0.995265 0.265497;
0.348000 0.500000 0.000000 0.500000 0.162068 -0.108988 -0.994043 0.306542;
0.350000 0.500000 0.000000 0.500000 0.184120 -0.119954 -0.992779 0.347003;
0.352000 0.500000 0.000000 0.500000 0.206066 -0.130138 -0.991496 0.386751;
0.354000 0.500000 0.000000 0.500000 0.227881 -0.139583 -0.990210 0.425657;
0.356000 0.500000 0.000000 0.500000 0.249542 -0.148329 -0.988938 0.463595;
0.358000 0.500000 0.000000 0.500000 0.271027 -0.156414 -0.987692 0.500437;
0.360000 0.500000 0.000000 0.500000 0.292318 -0.163871 -0.986482 0.536061;
0.362000 0.500000 0.000000 0.500000 0.313397 -0.170735 -0.985317 0.570346;
0.364000 0.500000 0.000000 0.500000 0.334247 -0.177036 -0.984204 0.603176;
0.366000 0.500000 0.000000 0.500000 0.354853 -0.182802 -0.983150 0.634441;
0.368000 0.500000 0.000000 0.500000 0.375203 -0.188060 -0.982158 0.664036;
0.370000 0.500000 0.000000 0.500000 0.395282 -0.192834 -0.981231 0.691864;
0.372000 0.500000 0.000000 0.500000 0.415079 -0.197148 -0.980374 0.717835;
0.374000 0.500000 0.000000 0.500000 0.434585 -0.201024 -0.979586 0.741866;
0.376000 0.500000 0.000000 0.500000 0.453789 -0.204480 -0.978871 0.763885;
0.378000 0.500000 0.000000 0.500000 0.472683 -0.207537 -0.978227 0.783828;
0.380000 0.500000 0.000000 0.500000 0.491258 -0.210212 -0.977656 0.801642;
0.382000 0.500000 0.000000 0.500000 0.509508 -0.212520 -0.977157 0.817284;
0.384000 0.500000 0.000000 0.500000 0.527427 -0.214478 -0.976729 0.830720;
0.386000 0.500000 0.000000 0.500000 0.545009 -0.216099 -0.976371 0.841928;
0.388000 0.500000 0.000000 0.500000 0.562249 -0.217398 -0.976083 0.850897;
0.390000 0.500000 0.000000 0.500000 0.579143 -0.218386 -0.975862 0.857628;
0.392000 0.500000 0.000000 0.500000 0.595687 -0.219076 -0.975708 0.862129;
0.394000 0.500000 0.000000 0.500000 0.611879 -0.219478 -0.975617 0.864423;
0.396000 0.500000 0.000000 0.500000 0.627714 -0.219603 -0.975589 0.864541;
0.398000 0.500000 0.000000 0.500000 0.643193 -0.219461 -0.975621 0.862524;
0.400000 0.500000 0.000000 0.500000 0.658312 -0.219061 -0.975711 0.858423;
0.402000 0.500000 0.000000 0.500000 0.673072 -0.218411 -0.975857 0.852298;
0.404000 0.500000 0.000000 0.500000 0.687471 -0.217521 -0.976056 0.844218;
0.406000 0.500000 0.000000 0.500000 0.701508 -0.216397 -0.976305 0.834259;
0.408000 0.500000 0.000000 0.500000 0.715185 -0.215048 -0.976604 0.822504;
0.410000 0.500000 0.000000 0.500000 0.728502 -0.213480 -0.976947 0.809045;
0.412000 0.500000 0.000000 0.500000 0.741460 -0.211700 -0.977335 0.793976;
0.414000 0.500000 0.000000 0.500000 0.754059 -0.209715 -0.977763 0.777398;
0.416000 0.500000 0.000000 0.500000 0.766302 -0.207530 -0.978229 0.759418;
0.418000 0.500000 0.000000 0.500000 0.778189 -0.205152 -0.978730 0.740143;
0.420000 0.500000 0.000000 0.500000 0.789724 -0.202587 -0.979264 0.719685;
0.422000 0.500000 0.000000 0.500000 0.800909 -0.199839 -0.979829 0.698158;
0.424000 0.500000 0.000000 0.500000 0.811746 -0.196915 -0.980421 0.675675;
0.426000 0.500000 0.000000 0.500000 0.822237 -0.193819 -0.981037 0.652353;
0.428000 0.500000 0.000000 0.500000 0.832387 -0.190556 -0.981676 0.628305;
0.430000 0.500000 0.000000 0.500000 0.842197 -0.187132 -0.982335 0.603647;
0.432000 0.500000 0.000000 0.500000 0.851671 -0.183551 -0.983010 0.578492;
0.434000 0.500000 0.000000 0.500000 0.860814 -0.179817 -0.983700 0.552949;
0.436000 0.500000 0.000000 0.500000 0.869627 -0.175936 -0.984402 0.527127;
0.438000 0.500000 0.000000 0.500000 0.878115 -0.171912 -0.985112 0.501133;
0.440000 0.500000 0.000000 0.500000 0.886282 -0.167749 -0.985830 0.475068;
0.442000 0.500000 0.000000 0.500000 0.894132 -0.163452 -0.986551 0.449031;
0.444000 0.500000 0.000000 0.500000 0.901667 -0.159025 -0.987275 0.423118;
0.446000 0.500000 0.000000 0.500000 0.908893 -0.154473 -0.987997 0.397419;
0.448000 0.500000 0.000000 0.500000 0.915814 -0.149799 -0.988716 0.372019;
0.450000 0.500000 0.000000 0.500000 0.922432 -0.145008 -0.989430 0.347003;
0.452000 0.500000 0.000000 0.500000 0.928753 -0.140105 -0.990137 0.322446;
0.454000 0.500000 0.000000 0.500000 0.934780 -0.135093 -0.990833 0.298423;
0.456000 0.500000 0.000000 0.500000 0.940517 -0.129977 -0.991517 0.275001;
0.458000 0.500000 0.000000 0.500000 0.945968 -0.124761 -0.992187 0.252245;
0.460000 0.500000 0.000000 0.500000 0.951136 -0.119450 -0.992840 0.230213;
0.462000 0.500000 0.000000 0.500000 0.956026 -0.114048 -0.993475 0.208962;
0.464000 0.500000 0.000000 0.500000 0.960641 -0.108559 -0.994090 0.188541;
0.466000 0.500000 0.000000 0.500000 0.964985 -0.102987 -0.994683 0.168998;
0.468000 0.500000 0.000000 0.500000 0.969060 -0.097338 -0.995251 0.150376;
0.470000 0.500000 0.000000 0.500000 0.972871 -0.091614 -0.995795 0.132713;
0.472000 0.500000 0.000000 0.500000 0.976421 -0.085822 -0.996311 0.116045;
0.474000 0.500000 0.000000 0.500000 0.979711 -0.079964 -0.996798 0.100404;
0.476000 0.500000 0.000000 0.500000 0.982747 -0.074047 -0.997255 0.085818;
0.478000 0.500000 0.000000 0.500000 0.985529 -0.068073 -0.997680 0.072314;
0.480000 0.500000 0.000000 0.500000 0.988060 -0.062049 -0.998073 0.059915;
0.482000 0.500000 0.000000 0.500000 0.990343 -0.055977 -0.998432 0.048640;
0.484000 0.500000 0.000000 0.500000 0.992381 -0.049864 -0.998756 0.038508;
0.486000 0.500000 0.000000 0.500000 0.994173 -0.043713 -0.999044 0.029533;
0.488000 0.500000 0.000000 0.500000 0.995724 -0.037530 -0.999296 0.021730;
0.490000 0.500000 0.000000 0.500000 0.997033 -0.031318 -0.999509 0.015109;
0.492000 0.500000 0.000000 0.500000 0.998103 -0.025082 -0.999685 0.009679;
0.494000 0.500000 0.000000 0.500000 0.998933 -0.018828 -0.999823 0.005449;
0.496000 0.500000 0.000000 0.500000 0.999526 -0.012560 -0.999921 0.002423;
0.498000 0.500000 0.000000 0.500000 0.999882 -0.006282 -0.999980 0.000606;
0.500000 0.500000 0.000000 0.500000 1.000000 0.000000 -1.000000 0.000000;
0.502000 0.500000 0.000000 0.500000 0.999882 0.006282 -0.999980 0.000606;
0.504000 0.500000 0.000000 0.500000 0.999526 0.012560 -0.999921 0.002423;
0.506000 0.500000 0.000000 0.500000 0.998933 0.018828 -0.999823 0.005449;
0.508000 0.500000 0.000000 0.500000 0.998103 0.025082 -0.999685 0.009679;
0.510000 0.500000 0.000000 0.500000 0.997033 0.031318 -0.999509 0.015109;
0.512000 0.500000 0.000000 0.500000 0.995724 0.037530 -0.999296 0.021730;
0.514000 0.500000 0.000000 0.500000 0.994173 0.043713 -0.999044 0.029533;
0.516000 0.500000 0.000000 0.500000 0.992381 0.049864 -0.998756 0.038508;
0.518000 0.500000 0.000000 0.500000 0.990343 0.055977 -0.998432 0.048640;
0.520000 0.500000 0.000000 0.500000 0.988060 0.062049 -0.998073 0.059915;
0.522000 0.500000 0.000000 0.500000 0.985529 0.068073 -0.997680 0.072314;
0.524000 0.500000 0.000000 0.500000 0.982747 0.074047 -0.997255 0.085818;
0.526000 0.500000 0.000000 0.500000 0.979711 0.079964 -0.996798 0.100404;
0.528000 0.500000 0.000000 0.500000 0.976421 0.085822 -0.996311 0.116045;
0.530000 0.500000 0.000000 0.500000 0.972871 0.091614 -0.995795 0.132713;
0.532000 0.500000 0.000000 0.500000 0.969060 0.097338 -0.995251 0.150376;
0.534000 0.500000 0.000000 0.500000 0.964985 0.102987 -0.994683 0.168998;
0.536000 0.500000 0.000000 0.500000 0.960641 0.108559 -0.994090 0.188541;
0.538000 0.500000 0.000000 0.500000 0.956026 0.114048 -0.993475 0.208962;
0.540000 0.500000 0.000000 0.500000 0.951136 0.119450 -0.992840 0.230213;
0.542000 0.500000 0.000000 0.500000 0.945968 0.124761 -0.992187 0.252245;
0.544000 0.500000 0.000000 0.500000 0.940517 0.129977 -0.991517 0.275001;
0.546000 0.500000 0.000000 0.500000 0.934780 0.135093 -0.990833 0.298423;
0.548000 0.500000 0.000000 0.500000 0.928753 0.140105 -0.990137 0.322446;
0.550000 0.500000 0.000000 0.500000 0.922432 0.145008 -0.989430 0.347003;
0.552000 0.500000 0.000000 0.500000 0.915814 0.149799 -0.988716 0.372019;
0.554000 0.500000 0.000000 0.500000 0.908893 0.154473 -0.987997 0.397419;
0.556000 0.500000 0.000000 0.500000 0.901667 0.159025 -0.987275 0.423118;
0.558000 0.500000 0.000000 0.500000 0.894132 0.163452 -0.986551 0.449031;
0.560000 0.500000 0.000000 0.500000 0.886282 0.167749 -0.985830 0.475068;
0.562000 0.500000 0.000000 0.500000 0.878115 0.171912 -0.985112 0.501133;
0.564000 0.500000 0.000000 0.500000 0.869627 0.175936 -0.984402 0.527127;
0.566000 0.500000 0.000000 0.500000 0.860814 0.179817 -0.983700 0.552949;
0.568000 0.500000 0.000000 0.500000 0.851671 0.183551 -0.983010 0.578492;
0.570000 0.500000 0.000000 0.500000 0.842197 0.187132 -0.982335 0.603647;
0.572000 0.500000 0.000000 0.500000 0.832387 0.190556 -0.981676 0.628305;
0.574000 0.500000 0.000000 0.500000 0.822237 0.193819 -0.981037 0.652353;
0.576000 0.500000 0.000000 0.500000 0.811746 0.196915 -0.980421 0.675675;
0.578000 0.500000 0.000000 0.500000 0.800909 0.199839 -0.979829 0.698158;
0.580000 0.500000 0.000000 0.500000 0.789724 0.202587 -0.979264 0.719685;
0.582000 0.500000 0.000000 0.500000 0.778189 0.205152 -0.978730 0.740143;
0.584000 0.500000 0.000000 0.500000 0.766302 0.207530 -0.978229 0.759418;
0.586000 0.500000 0.000000 0.500000 0.754059 0.209715 -0.977763 0.777398;
0.588000 0.500000 0.000000 0.500000 0.741460 0.211700 -0.977335 0.793976;
0.590000 0.500000 0.000000 0.500000 0.728502 0.213480 -0.976947 0.809045;
0.592000 0.500000 0.000000 0.500000 0.715185 0.215048 -0.976604 0.822504;
0.594000 0.500000 0.000000 0.500000 0.701508 0.216397 -0.976305 0.834259;
0.596000 0.500000 0.000000 0.500000 0.687471 0.217521 -0.976056 0.844218;
0.598000 0.500000 0.000000 0.500000 0.673072 0.218411 -0.975857 0.852298;
0.600000 0.500000 0.000000 0.500000 0.658312 0.219061 -0.975711 0.858423;
0.602000 0.500000 0.000000 0.500000 0.643193 0.219461 -0.975621 0.862524;
0.604000 0.500000 0.000000 0.500000 0.627714 0.219603 -0.975589 0.864541;
0.606000 0.500000 0.000000 0.500000 0.611879 0.219478 -0.975617 0.864423;
0.608000 0.500000 0.000000 0.500000 0.595687 0.219076 -0.975708 0.862129;
0.610000 0.500000 0.000000 0.500000 0.579143 0.218386 -0.975862 0.857628;
0.612000 0.500000 0.000000 0.500000 0.562249 0.217398 -0.976083 0.850897;
0.614000 0.500000 0.000000 0.500000 0.545009 0.216099 -0.976371 0.841928;
0.616000 0.500000 0.000000 0.500000 0.527427 0.214478 -0.976729 0.830720;
0.618000 0.500000 0.000000 0.500000 0.509508 0.212520 -0.977157 0.817284;
0.620000 0.500000 0.000000 0.500000 0.491258 0.210212 -0.977656 0.801642;
0.622000 0.500000 0.000000 0.500000 0.472683 0.207537 -0.978227 0.783828;
0.624000 0.500000 0.000000 0.500000 0.453789 0.204480 -0.978871 0.763885;
0.626000 0.500000 0.000000 0.500000 0.434585 0.201024 -0.979586 0.741866;
0.628000 0.500000 0.000000 0.500000 0.415079 0.197148 -0.980374 0.717835;
0.630000 0.500000 0.000000 0.500000 0.395282 0.192834 -0.981231 0.691864;
0.632000 0.500000 0.000000 0.500000 0.375203 0.188060 -0.982158 0.664036;
0.634000 0.500000 0.000000 0.500000 0.354853 0.182802 -0.983150 0.634441;
0.636000 0.500000 0.000000 0.500000 0.334247 0.177036 -0.984204 0.603176;
0.638000 0.500000 0.000000 0.500000 0.313397 0.170735 -0.985317 0.570346;
0.640000 0.500000 0.000000 0.500000 0.292318 0.163871 -0.986482 0.536061;
0.642000 0.500000 0.000000 0.500000 0.271027 0.156414 -0.987692 0.500437;
0.644000 0.500000 0.000000 0.500000 0.249542 0.148329 -0.988938 0.463595;
0.646000 0.500000 0.000000 0.500000 0.227881 0.139583 -0.990210 0.425657;
0.648000 0.500000 0.000000 0.500000 0.206066 0.130138 -0.991496 0.386751;
0.650000 0.500000 0.000000 0.500000 0.184120 0.119954 -0.992779 0.347003;
0.652000 0.500000 0.000000 0.500000 0.162068 0.108988 -0.994043 0.306542;
0.654000 0.500000 0.000000 0.500000 0.139935 0.097195 -0.995265 0.265497;
0.656000 0.500000 0.000000 0.500000 0.117752 0.084528 -0.996421 0.223995;
0.658000 0.500000 0.000000 0.500000 0.095548 0.070935 -0.997481 0.182163;
0.660000 0.500000 0.000000 0.500000 0.073360 0.056364 -0.998410 0.140122;
0.662000 0.500000 0.000000 0.500000 0.051223 0.040759 -0.999169 0.097995;
0.664000 0.500000 0.000000 0.500000 0.029177 0.024062 -0.999710 0.055895;
0.666000 0.500000 0.000000 0.500000 0.007266 0.006215 -0.999981 0.013936;
0.668000 0.500000 0.000000 0.500000 -0.014464 -0.012843 -0.999918 -0.027775;
0.670000 0.500000 0.000000 0.500000 -0.035962 -0.033172 -0.999450 -0.069138;
0.672000 0.500000 0.000000 0.500000 -0.057174 -0.054830 -0.998496 -0.110058;
0.674000 0.500000 0.000000 0.500000 -0.078040 -0.077875 -0.996963 -0.150444;
0.676000 0.500000 0.000000 0.500000 -0.098499 -0.102356 -0.994748 -0.190214;
0.678000 0.500000 0.000000 0.500000 -0.118481 -0.128320 -0.991733 -0.229292;
0.680000 0.500000 0.000000 0.500000 -0.137914 -0.155801 -0.987788 -0.267609;
0.682000 0.500000 0.000000 0.500000 -0.156721 -0.184820 -0.982772 -0.305102;
0.684000 0.500000 0.000000 0.500000 -0.174820 -0.215381 -0.976530 -0.341715;
0.686000 0.500000 0.000000 0.500000 -0.192125 -0.247467 -0.968896 -0.377401;
0.688000 0.500000 0.000000 0.500000 -0.208544 -0.281036 -0.959697 -0.412115;
0.690000 0.500000 0.000000 0.500000 -0.223984 -0.316011 -0.948756 -0.445824;
0.692000 0.500000 0.000000 0.500000 -0.238349 -0.352284 -0.935893 -0.478497;
0.694000 0.500000 0.000000 0.500000 -0.251541 -0.389705 -0.920940 -0.510111;
0.696000 0.500000 0.000000 0.500000 -0.263461 -0.428082 -0.903740 -0.540650;
0.698000 0.500000 0.000000 0.500000 -0.274015 -0.467183 -0.884161 -0.570102;
0.700000 0.500000 0.000000 0.500000 -0.283109 -0.506732 -0.862104 -0.598459;
0.702000 0.500000 0.000000 0.500000 -0.290659 -0.546416 -0.837514 -0.625720;
0.704000 0.500000 0.000000 0.500000 -0.296585 -0.585895 -0.810387 -0.651889;
0.706000 0.500000 0.000000 0.500000 -0.300821 -0.624808 -0.780778 -0.676973;
0.708000 0.500000 0.000000 0.500000 -0.303312 -0.662791 -0.748804 -0.700981;
0.710000 0.500000 0.000000 0.500000 -0.304019 -0.699487 -0.714646 -0.723930;
0.712000 0.500000 0.000000 0.500000 -0.302917 -0.734564 -0.678539 -0.745837;
0.714000 0.500000 0.000000 0.500000 -0.300000 -0.767730 -0.640773 -0.766722;
0.716000 0.500000 0.000000 0.500000 -0.295276 -0.798742 -0.601674 -0.786608;
0.718000 0.500000 0.000000 0.500000 -0.288771 -0.827415 -0.561591 -0.805520;
0.720000 0.500000 0.000000 0.500000 -0.280526 -0.853627 -0.520884 -0.823485;
0.722000 0.500000 0.000000 0.500000 -0.270595 -0.877320 -0.479906 -0.840531;
0.724000 0.500000 0.000000 0.500000 -0.259044 -0.898491 -0.438993 -0.856688;
0.726000 0.500000 0.000000 0.500000 -0.245947 -0.917191 -0.398448 -0.871986;
0.728000 0.500000 0.000000 0.500000 -0.231388 -0.933513 -0.358543 -0.886456;
0.730000 0.500000 0.000000 0.500000 -0.215453 -0.947585 -0.319505 -0.900129;
0.732000 0.500000 0.000000 0.500000 -0.198232 -0.959556 -0.281519 -0.913039;
0.734000 0.500000 0.000000 0.500000 -0.179818 -0.969591 -0.244730 -0.925216;
0.736000 0.500000 0.000000 0.500000 -0.160301 -0.977863 -0.209245 -0.936693;
0.738000 0.500000 0.000000 0.500000 -0.139772 -0.984545 -0.175132 -0.947501;
0.740000 0.500000 0.000000 0.500000 -0.118317 -0.989804 -0.142433 -0.957671;
0.742000 0.500000 0.000000 0.500000 -0.096022 -0.993802 -0.111163 -0.967233;
0.744000 0.500000 0.000000 0.500000 -0.072968 -0.996689 -0.081314 -0.976219;
0.746000 0.500000 0.000000 0.500000 -0.049231 -0.998602 -0.052863 -0.984656;
0.748000 0.500000 0.000000 0.500000 -0.024885 -0.999668 -0.025773 -0.992574;
0.750000 0.500000 0.000000 0.500000 -0.000000 -1.000000 -0.000000 -1.000000;
0.752000 0.500000 0.000000 0.500000 0.025359 -0.999700 0.024511 -0.992574;
0.754000 0.500000 0.000000 0.500000 0.051131 -0.998856 0.047815 -0.984656;
0.756000 0.500000 0.000000 0.500000 0.077257 -0.997549 0.069974 -0.976219;
0.758000 0.500000 0.000000 0.500000 0.103683 -0.995846 0.091048 -0.967233;
0.760000 0.500000 0.000000 0.500000 0.130358 -0.993809 0.111099 -0.957671;
0.762000 0.500000 0.000000 0.500000 0.157233 -0.991490 0.130184 -0.947501;
0.764000 0.500000 0.000000 0.500000 0.184263 -0.988933 0.148364 -0.936693;
0.766000 0.500000 0.000000 0.500000 0.211406 -0.986177 0.165695 -0.925216;
0.768000 0.500000 0.000000 0.500000 0.238621 -0.983256 0.182229 -0.913039;
0.770000 0.500000 0.000000 0.500000 0.265871 -0.980198 0.198019 -0.900129;
0.772000 0.500000 0.000000 0.500000 0.293119 -0.977028 0.213113 -0.886456;
0.774000 0.500000 0.000000 0.500000 0.320333 -0.973765 0.227557 -0.871986;
0.776000 0.500000 0.000000 0.500000 0.347479 -0.970427 0.241395 -0.856688;
0.778000 0.500000 0.000000 0.500000 0.374527 -0.967029 0.254667 -0.840531;
0.780000 0.500000 0.000000 0.500000 0.401449 -0.963583 0.267411 -0.823485;
0.782000 0.500000 0.000000 0.500000 0.428217 -0.960098 0.279663 -0.805520;
0.784000 0.500000 0.000000 0.500000 0.454806 -0.956584 0.291458 -0.786608;
0.786000 0.500000 0.000000 0.500000 0.481190 -0.953046 0.302825 -0.766722;
0.788000 0.500000 0.000000 0.500000 0.507347 -0.949491 0.313795 -0.745837;
0.790000 0.500000 0.000000 0.500000 0.533253 -0.945922 0.324395 -0.723930;
0.792000 0.500000 0.000000 0.500000 0.558887 -0.942342 0.334651 -0.700981;
0.794000 0.500000 0.000000 0.500000 0.584229 -0.938755 0.344586 -0.676973;
0.796000 0.500000 0.000000 0.500000 0.609260 -0.935161 0.354224 -0.651889;
0.798000 0.500000 0.000000 0.500000 0.633960 -0.931561 0.363585 -0.625720;
0.800000 0.500000 0.000000 0.500000 0.658312 -0.927957 0.372689 -0.598459;
0.802000 0.500000 0.000000 0.500000 0.682300 -0.924347 0.381553 -0.570102;
0.804000 0.500000 0.000000 0.500000 0.705907 -0.920732 0.390197 -0.540650;
0.806000 0.500000 0.000000 0.500000 0.729117 -0.917110 0.398635 -0.510111;
0.808000 0.500000 0.000000 0.500000 0.751916 -0.913481 0.406882 -0.478497;
0.810000 0.500000 0.000000 0.500000 0.774290 -0.909842 0.414954 -0.445824;
0.812000 0.500000 0.000000 0.500000 0.796225 -0.906193 0.422864 -0.412115;
0.814000 0.500000 0.000000 0.500000 0.817709 -0.902532 0.430623 -0.377401;
0.816000 0.500000 0.000000 0.500000 0.838731 -0.898856 0.438244 -0.341715;
0.818000 0.500000 0.000000 0.500000 0.859278 -0.895163 0.445738 -0.305102;
0.820000 0.500000 0.000000 0.500000 0.879340 -0.891452 0.453116 -0.267609;
0.822000 0.500000 0.000000 0.500000 0.898906 -0.887718 0.460387 -0.229292;
0.824000 0.500000 0.000000 0.500000 0.917968 -0.883961 0.467561 -0.190214;
0.826000 0.500000 0.000000 0.500000 0.936515 -0.880177 0.474646 -0.150444;
0.828000 0.500000 0.000000 0.500000 0.954541 -0.876363 0.481652 -0.110058;
0.830000 0.500000 0.000000 0.500000 0.972037 -0.872516 0.488585 -0.069138;
0.832000 0.500000 0.000000 0.500000 0.988996 -0.868635 0.495453 -0.027775;
0.834000 0.500000 0.000000 0.500000 1.000000 -0.864714 0.502264 0.013936;
0.836000 0.500000 0.000000 0.500000 1.000000 -0.860752 0.509024 0.055895;
0.838000 0.500000 0.000000 0.500000 1.000000 -0.856745 0.515740 0.097995;
0.840000 0.500000 0.000000 0.500000 1.000000 -0.852690 0.522417 0.140122;
0.842000 0.500000 0.000000 0.500000 1.000000 -0.848584 0.529061 0.182163;
0.844000 0.500000 0.000000 0.500000 1.000000 -0.844422 0.535678 0.223995;
0.846000 0.500000 0.000000 0.500000 1.000000 -0.840202 0.542273 0.265497;
0.848000 0.500000 0.000000 0.500000 1.000000 -0.835920 0.548851 0.306542;
0.850000 0.500000 0.000000 0.500000 1.000000 -0.831573 0.555416 0.347003;
0.852000 0.500000 0.000000 0.500000 1.000000 -0.827156 0.561972 0.386751;
0.854000 0.500000 0.000000 0.500000 1.000000 -0.822666 0.568525 0.425657;
0.856000 0.500000 0.000000 0.500000 1.000000 -0.818099 0.575078 0.463595;
0.858000 0.500000 0.000000 0.500000 1.000000 -0.813451 0.581634 0.500437;
0.860000 0.500000 0.000000 0.500000 1.000000 -0.808718 0.588197 0.536061;
0.862000 0.500000 0.000000 0.500000 1.000000 -0.803895 0.594771 0.570346;
0.864000 0.500000 0.000000 0.500000 1.000000 -0.798980 0.601358 0.603176;
0.866000 0.500000 0.000000 0.500000 1.000000 -0.793966 0.607962 0.634441;
0.868000 0.500000 0.000000 0.500000 1.000000 -0.788851 0.614585 0.664036;
0.870000 0.500000 0.000000 0.500000 1.000000 -0.783628 0.621230 0.691864;
0.872000 0.500000 0.000000 0.500000 1.000000 -0.778295 0.627899 0.717835;
0.874000 0.500000 0.000000 0.500000 1.000000 -0.772846 0.634594 0.741866;
0.876000 0.500000 0.000000 0.500000 1.000000 -0.767276 0.641317 0.763885;
0.878000 0.500000 0.000000 0.500000 1.000000 -0.761580 0.648071 0.783828;
0.880000 0.500000 0.000000 0.500000 1.000000 -0.755754 0.654855 0.801642;
0.882000 0.500000 0.000000 0.500000 1.000000 -0.749793 0.661673 0.817284;
0.884000 0.500000 0.000000 0.500000 1.000000 -0.743690 0.668524 0.830720;
0.886000 0.500000 0.000000 0.500000 1.000000 -0.737442 0.675411 0.841928;
0.888000 0.500000 0.000000 0.500000 1.000000 -0.731042 0.682332 0.850897;
0.890000 0.500000 0.000000 0.500000 1.000000 -0.724485 0.689290 0.857628;
0.892000 0.500000 0.000000 0.500000 1.000000 -0.717766 0.696284 0.862129;
0.894000 0.500000 0.000000 0.500000 1.000000 -0.710879 0.703314 0.864423;
0.896000 0.500000 0.000000 0.500000 1.000000 -0.703818 0.710380 0.864541;
0.898000 0.500000 0.000000 0.500000 1.000000 -0.696578 0.717481 0.862524;
0.900000 0.500000 0.000000 0.500000 1.000000 -0.689152 0.724617 0.858423;
0.902000 0.500000 0.000000 0.500000 1.000000 -0.681535 0.731786 0.852298;
0.904000 0.500000 0.000000 0.500000 1.000000 -0.673720 0.738987 0.844218;
0.906000 0.500000 0.000000 0.500000 1.000000 -0.665702 0.746217 0.834259;
0.908000 0.500000 0.000000 0.500000 1.000000 -0.657475 0.753476 0.822504;
0.910000 0.500000 0.000000 0.500000 1.000000 -0.649033 0.760761 0.809045;
0.912000 0.500000 0.000000 0.500000 1.000000 -0.640369 0.768068 0.793976;
0.914000 0.500000 0.000000 0.500000 1.000000 -0.631477 0.775394 0.777398;
0.916000 0.500000 0.000000 0.500000 1.000000 -0.622352 0.782737 0.759418;
0.918000 0.500000 0.000000 0.500000 1.000000 -0.612988 0.790092 0.740143;
0.920000 0.500000 0.000000 0.500000 1.000000 -0.603379 0.797455 0.719685;
0.922000 0.500000 0.000000 0.500000 1.000000 -0.593519 0.804820 0.698158;
0.924000 0.500000 0.000000 0.500000 1.000000 -0.583402 0.812184 0.675675;
0.926000 0.500000 0.000000 0.500000 1.000000 -0.573023 0.819539 0.652353;
0.928000 0.500000 0.000000 0.500000 1.000000 -0.562377 0.826881 0.628305;
0.930000 0.500000 0.000000 0.500000 1.000000 -0.551459 0.834202 0.603647;
0.932000 0.500000 0.000000 0.500000 1.000000 -0.540264 0.841496 0.578492;
0.934000 0.500000 0.000000 0.500000 1.000000 -0.528787 0.848754 0.552949;
0.936000 0.500000 0.000000 0.500000 1.000000 -0.517026 0.855970 0.527127;
0.938000 0.500000 0.000000 0.500000 1.000000 -0.504975 0.863134 0.501133;
0.940000 0.500000 0.000000 0.500000 1.000000 -0.492632 0.870238 0.475068;
0.942000 0.500000 0.000000 0.500000 1.000000 -0.479994 0.877272 0.449031;
0.944000 0.500000 0.000000 0.500000 1.000000 -0.467058 0.884227 0.423118;
0.946000 0.500000 0.000000 0.500000 1.000000 -0.453824 0.891091 0.397419;
0.948000 0.500000 0.000000 0.500000 1.000000 -0.440290 0.897856 0.372019;
0.950000 0.500000 0.000000 0.500000 1.000000 -0.426455 0.904509 0.347003;
0.952000 0.500000 0.000000 0.500000 1.000000 -0.412321 0.911039 0.322446;
0.954000 0.500000 0.000000 0.500000 1.000000 -0.397887 0.917434 0.298423;
0.956000 0.500000 0.000000 0.500000 1.000000 -0.383157 0.923683 0.275001;
0.958000 0.500000 0.000000 0.500000 1.000000 -0.368133 0.929773 0.252245;
0.960000 0.500000 0.000000 0.500000 1.000000 -0.352819 0.935691 0.230213;
0.962000 0.500000 0.000000 0.500000 1.000000 -0.337220 0.941426 0.208962;
0.964000 0.500000 0.000000 0.500000 1.000000 -0.321340 0.946964 0.188541;
0.966000 0.500000 0.000000 0.500000 1.000000 -0.305187 0.952292 0.168998;
0.968000 0.500000 0.000000 0.500000 1.000000 -0.288769 0.957399 0.150376;
0.970000 0.500000 0.000000 0.500000 1.000000 -0.272093 0.962271 0.132713;
0.972000 0.500000 0.000000 0.500000 1.000000 -0.255170 0.966896 0.116045;
0.974000 0.500000 0.000000 0.500000 1.000000 -0.238011 0.971263 0.100404;
0.976000 0.500000 0.000000 0.500000 1.000000 -0.220627 0.975358 0.085818;
0.978000 0.500000 0.000000 0.500000 1.000000 -0.203030 0.979172 0.072314;
0.980000 0.500000 0.000000 0.500000 1.000000 -0.185236 0.982694 0.059915;
0.982000 0.500000 0.000000 0.500000 1.000000 -0.167258 0.985913 0.048640;
0.984000 0.500000 0.000000 0.500000 1.000000 -0.149111 0.988820 0.038508;
0.986000 0.500000 0.000000 0.500000 1.000000 -0.130813 0.991407 0.029533;
0.988000 0.500000 0.000000 0.500000 1.000000 -0.112381 0.993665 0.021730;
0.990000 0.500000 0.000000 0.500000 1.000000 -0.093832 0.995588 0.015109;
0.992000 0.500000 0.000000 0.500000 1.000000 -0.075185 0.997170 0.009679;
0.994000 0.500000 0.000000 0.500000 1.000000 -0.056458 0.998405 0.005449;
0.996000 0.500000 0.000000 0.500000 1.000000 -0.037672 0.999290 0.002423;
0.998000 0.500000 0.000000 0.500000 1.000000 -0.018846 0.999822 0.000606;
1.000000 0.500000 0.000000 0.500000 1.000000 -0.000000 1.000000 0.000000;
0.000000 0.500000 0.500000 0.000000 1.000000 0.000000 1.000000 0.000000;
0.002000 0.500000 0.500000 0.000000 0.999605 0.050238 0.998737 0.000606;
0.004000 0.500000 0.500000 0.000000 0.998416 0.100314 0.994956 0.002423;
0.006000 0.500000 0.500000 0.000000 0.996424 0.150067 0.988676 0.005449;
0.008000 0.500000 0.500000 0.000000 0.993612 0.199338 0.979931 0.009679;
0.010000 0.500000 0.500000 0.000000 0.989956 0.247974 0.968767 0.015109;
0.012000 0.500000 0.500000 0.000000 0.985428 0.295826 0.955242 0.021730;
0.014000 0.500000 0.500000 0.000000 0.979993 0.342752 0.939426 0.029533;
0.016000 0.500000 0.500000 0.000000 0.973611 0.388617 0.921399 0.038508;
0.018000 0.500000 0.500000 0.000000 0.966236 0.433296 0.901252 0.048640;
0.020000 0.500000 0.500000 0.000000 0.957820 0.476672 0.879081 0.059915;
0.022000 0.500000 0.500000 0.000000 0.948310 0.518637 0.854995 0.072314;
0.024000 0.500000 0.500000 0.000000 0.937649 0.559095 0.829104 0.085818;
0.026000 0.500000 0.500000 0.000000 0.925779 0.597960 0.801526 0.100404;
0.028000 0.500000 0.500000 0.000000 0.912641 0.635157 0.772383 0.116045;
0.030000 0.500000 0.500000 0.000000 0.898172 0.670620 0.741801 0.132713;
0.032000 0.500000 0.500000 0.000000 0.882312 0.704295 0.709907 0.150376;
0.034000 0.500000 0.500000 0.000000 0.864998 0.736139 0.676831 0.168998;
0.036000 0.500000 0.500000 0.000000 0.846170 0.766118 0.642700 0.188541;
0.038000 0.500000 0.500000 0.000000 0.825770 0.794208 0.607646 0.208962;
0.040000 0.500000 0.500000 0.000000 0.803741 0.820395 0.571797 0.230213;
0.042000 0.500000 0.500000 0.000000 0.780029 0.844674 0.535281 0.252245;
0.044000 0.500000 0.500000 0.000000 0.754584 0.867048 0.498224 0.275001;
0.046000 0.500000 0.500000 0.000000 0.727359 0.887529 0.460752 0.298423;
0.048000 0.500000 0.500000 0.000000 0.698312 0.906135 0.422988 0.322446;
0.050000 0.500000 0.500000 0.000000 0.667408 0.922895 0.385052 0.347003;
0.052000 0.500000 0.500000 0.000000 0.634614 0.937841 0.347066 0.372019;
0.054000 0.500000 0.500000 0.000000 0.599906 0.951014 0.309148 0.397419;
0.056000 0.500000 0.500000 0.000000 0.563264 0.962462 0.271416 0.423118;
0.058000 0.500000 0.500000 0.000000 0.524677 0.972239 0.233988 0.449031;
0.060000 0.500000 0.500000 0.000000 0.484140 0.980407 0.196984 0.475068;
0.062000 0.500000 0.500000 0.000000 0.441655 0.987032 0.160527 0.501133;
0.064000 0.500000 0.500000 0.000000 0.397234 0.992189 0.124740 0.527127;
0.066000 0.500000 0.500000 0.000000 0.350896 0.995964 0.089756 0.552949;
0.068000 0.500000 0.500000 0.000000 0.302669 0.998447 0.055715 0.578492;
0.070000 0.500000 0.500000 0.000000 0.252592 0.999741 0.022769 0.603647;
0.072000 0.500000 0.500000 0.000000 0.200712 0.999960 -0.008912 0.628305;
0.074000 0.500000 0.500000 0.000000 0.147089 0.999234 -0.039136 0.652353;
0.076000 0.500000 0.500000 0.000000 0.091794 0.997707 -0.067679 0.675675;
0.078000 0.500000 0.500000 0.000000 0.034915 0.995546 -0.094272 0.698158;
0.080000 0.500000 0.500000 0.000000 -0.023448 0.992943 -0.118589 0.719685;
0.082000 0.500000 0.500000 0.000000 -0.083172 0.990121 -0.140215 0.740143;
0.084000 0.500000 0.500000 0.000000 -0.144111 0.987340 -0.158620 0.759418;
0.086000 0.500000 0.500000 0.000000 -0.206086 0.984905 -0.173097 0.777398;
0.088000 0.500000 0.500000 0.000000 -0.268877 0.983170 -0.182691 0.793976;
0.090000 0.500000 0.500000 0.000000 -0.332201 0.982537 -0.186067 0.809045;
0.092000 0.500000 0.500000 0.000000 -0.395686 0.983425 -0.181314 0.822504;
0.094000 0.500000 0.500000 0.000000 -0.458822 0.986188 -0.165631 0.834259;
0.096000 0.500000 0.500000 0.000000 -0.520875 0.990868 -0.134837 0.844218;
0.098000 0.500000 0.500000 0.000000 -0.580749 0.996578 -0.082660 0.852298;
0.100000 0.500000 0.500000 0.000000 -0.636729 1.000000 0.000000 0.858423;
0.102000 0.500000 0.500000 0.000000 -0.686086 0.992203 0.124635 0.862524;
0.104000 0.500000 0.500000 0.000000 -0.724633 0.954116 0.299436 0.864541;
0.106000 0.500000 0.500000 0.000000 -0.746866 0.858755 0.512387 0.864423;
0.108000 0.500000 0.500000 0.000000 -0.748064 0.697403 0.716679 0.862129;
0.110000 0.500000 0.500000 0.000000 -0.727768 0.506770 0.862081 0.857628;
0.112000 0.500000 0.500000 0.000000 -0.690146 0.336916 0.941535 0.850897;
0.114000 0.500000 0.500000 0.000000 -0.640693 0.209348 0.977841 0.841928;
0.116000 0.500000 0.500000 0.000000 -0.583789 0.121623 0.992576 0.830720;
0.118000 0.500000 0.500000 0.000000 -0.522337 0.064380 0.997925 0.817284;
0.120000 0.500000 0.500000 0.000000 -0.458184 0.029049 0.999578 0.801642;
0.122000 0.500000 0.500000 0.000000 -0.392521 0.009347 0.999956 0.783828;
0.124000 0.500000 0.500000 0.000000 -0.326154 0.000937 1.000000 0.763885;
0.126000 0.500000 0.500000 0.000000 -0.259660 0.000853 1.000000 0.741866;
0.128000 0.500000 0.500000 0.000000 -0.193470 0.007040 0.999975 0.717835;
0.130000 0.500000 0.500000 0.000000 -0.127930 0.018048 0.999837 0.691864;
0.132000 0.500000 0.500000 0.000000 -0.063321 0.032831 0.999461 0.664036;
0.134000 0.500000 0.500000 0.000000 0.000113 0.050615 0.998718 0.634441;
0.136000 0.500000 0.500000 0.000000 0.062159 0.070818 0.997489 0.603176;
0.138000 0.500000 0.500000 0.000000 0.122624 0.092992 0.995667 0.570346;
0.140000 0.500000 0.500000 0.000000 0.181334 0.116783 0.993157 0.536061;
0.142000 0.500000 0.500000 0.000000 0.238127 0.141909 0.989880 0.500437;
0.144000 0.500000 0.500000 0.000000 0.292852 0.168140 0.985763 0.463595;
0.146000 0.500000 0.500000 0.000000 0.345369 0.195286 0.980746 0.425657;
0.148000 0.500000 0.500000 0.000000 0.395549 0.223185 0.974776 0.386751;
0.150000 0.500000 0.500000 0.000000 0.443268 0.251700 0.967805 0.347003;
0.152000 0.500000 0.500000 0.000000 0.488413 0.280712 0.959792 0.306542;
0.154000 0.500000 0.500000 0.000000 0.530879 0.310115 0.950699 0.265497;
0.156000 0.500000 0.500000 0.000000 0.570569 0.339815 0.940492 0.223995;
0.158000 0.500000 0.500000 0.000000 0.607392 0.369728 0.929140 0.182163;
0.160000 0.500000 0.500000 0.000000 0.641269 0.399774 0.916614 0.140122;
0.162000 0.500000 0.500000 0.000000 0.672128 0.429882 0.902885 0.097995;
0.164000 0.500000 0.500000 0.000000 0.699904 0.459985 0.887927 0.055895;
0.166000 0.500000 0.500000 0.000000 0.724543 0.490016 0.871713 0.013936;
0.168000 0.500000 0.500000 0.000000 0.564555 0.573466 0.819229 0.900447;
0.170000 0.500000 0.500000 0.000000 0.578431 0.597645 0.801761 0.859084;
0.172000 0.500000 0.500000 0.000000 0.589456 0.621827 0.783154 0.818165;
0.174000 0.500000 0.500000 0.000000 0.597606 0.645949 0.763381 0.777779;
0.176000 0.500000 0.500000 0.000000 0.602866 0.669947 0.742409 0.738008;
0.178000 0.500000 0.500000 0.000000 0.605233 0.693759 0.720207 0.698930;
0.180000 0.500000 0.500000 0.000000 0.604709 0.717326 0.696738 0.660613;
0.182000 0.500000 0.500000 0.000000 0.601309 0.740583 0.671964 0.623120;
0.184000 0.500000 0.500000 0.000000 0.595058 0.763469 0.645844 0.586507;
0.186000 0.500000 0.500000 0.000000 0.585991 0.785918 0.618331 0.550822;
0.188000 0.500000 0.500000 0.000000 0.574152 0.807860 0.589375 0.516107;
0.190000 0.500000 0.500000 0.000000 0.559598 0.829222 0.558919 0.482399;
0.192000 0.500000 0.500000 0.000000 0.542395 0.849925 0.526904 0.449725;
0.194000 0.500000 0.500000 0.000000 0.522623 0.869882 0.493261 0.418111;
0.196000 0.500000 0.500000 0.000000 0.500373 0.888996 0.457914 0.387572;
0.198000 0.500000 0.500000 0.000000 0.475748 0.907161 0.420783 0.358121;
0.200000 0.500000 0.500000 0.000000 0.448864 0.924255 0.381775 0.329764;
0.202000 0.500000 0.500000 0.000000 0.419853 0.940138 0.340793 0.302502;
0.204000 0.500000 0.500000 0.000000 0.388860 0.954651 0.297728 0.276333;
0.206000 0.500000 0.500000 0.000000 0.356048 0.967606 0.252465 0.251250;
0.208000 0.500000 0.500000 0.000000 0.321596 0.978787 0.204880 0.227241;
0.210000 0.500000 0.500000 0.000000 0.285702 0.987939 0.154846 0.204292;
0.212000 0.500000 0.500000 0.000000 0.248586 0.994761 0.102231 0.182385;
0.214000 0.500000 0.500000 0.000000 0.210490 0.998899 0.046911 0.161500;
0.216000 0.500000 0.500000 0.000000 0.171682 0.999937 -0.011230 0.141614;
0.218000 0.500000 0.500000 0.000000 0.132456 0.997384 -0.072281 0.122702;
0.220000 0.500000 0.500000 0.000000 0.093138 0.990669 -0.136290 0.104737;
0.222000 0.500000 0.500000 0.000000 0.054088 0.979129 -0.203239 0.087691;
0.224000 0.500000 0.500000 0.000000 0.015699 0.962012 -0.273009 0.071534;
0.226000 0.500000 0.500000 0.000000 -0.021596 0.938477 -0.345342 0.056237;
0.228000 0.500000 0.500000 0.000000 -0.057330 0.907622 -0.419789 0.041767;
0.230000 0.500000 0.500000 0.000000 -0.091001 0.868518 -0.495657 0.028093;
0.232000 0.500000 0.500000 0.000000 -0.122079 0.820287 -0.571952 0.015183;
0.234000 0.500000 0.500000 0.000000 -0.150021 0.762198 -0.647344 0.003006;
0.236000 0.500000 0.500000 0.000000 -0.174286 0.693806 -0.720162 -0.008471;
0.238000 0.500000 0.500000 0.000000 -0.194364 0.615100 -0.788449 -0.019279;
0.240000 0.500000 0.500000 0.000000 -0.209806 0.526645 -0.850086 -0.029448;
0.242000 0.500000 0.500000 0.000000 -0.220259 0.429661 -0.902990 -0.039011;
0.244000 0.500000 0.500000 0.000000 -0.225498 0.326017 -0.945364 -0.047997;
0.246000 0.500000 0.500000 0.000000 -0.225451 0.218091 -0.975928 -0.056434;
0.248000 0.500000 0.500000 0.000000 -0.220204 0.108539 -0.994092 -0.064352;
0.250000 0.500000 0.500000 0.000000 -0.210000 0.000000 -1.000000 -0.071778;
0.252000 0.500000 0.500000 0.000000 -0.195215 -0.105169 -0.994454 -0.064352;
0.254000 0.500000 0.500000 0.000000 -0.176327 -0.205085 -0.978744 -0.056434;
0.256000 0.500000 0.500000 0.000000 -0.153879 -0.298422 -0.954434 -0.047997;
0.258000 0.500000 0.500000 0.000000 -0.128448 -0.384400 -0.923167 -0.039011;
0.260000 0.500000 0.500000 0.000000 -0.100616 -0.462707 -0.886511 -0.029448;
0.262000 0.500000 0.500000 0.000000 -0.070948 -0.533390 -0.845870 -0.019279;
0.264000 0.500000 0.500000 0.000000 -0.039980 -0.596743 -0.802432 -0.008471;
0.266000 0.500000 0.500000 0.000000 -0.008213 -0.653217 -0.757171 0.003006;
0.268000 0.500000 0.500000 0.000000 0.023897 -0.703339 -0.710854 0.015183;
0.270000 0.500000 0.500000 0.000000 0.055931 -0.747665 -0.664076 0.028093;
0.272000 0.500000 0.500000 0.000000 0.087510 -0.786740 -0.617285 0.041767;
0.274000 0.500000 0.500000 0.000000 0.118293 -0.821081 -0.570812 0.056237;
0.276000 0.500000 0.500000 0.000000 0.147973 -0.851165 -0.524898 0.071534;
0.278000 0.500000 0.500000 0.000000 0.176272 -0.877423 -0.479717 0.087691;
0.280000 0.500000 0.500000 0.000000 0.202940 -0.900242 -0.435389 0.104737;
0.282000 0.500000 0.500000 0.000000 0.227755 -0.919967 -0.391996 0.122702;
0.284000 0.500000 0.500000 0.000000 0.250514 -0.936901 -0.349594 0.141614;
0.286000 0.500000 0.500000 0.000000 0.271037 -0.951316 -0.308218 0.161500;
0.288000 0.500000 0.500000 0.000000 0.289164 -0.963450 -0.267889 0.182385;
0.290000 0.500000 0.500000 0.000000 0.304751 -0.973515 -0.228622 0.204292;
0.292000 0.500000 0.500000 0.000000 0.317671 -0.981702 -0.190423 0.227241;
0.294000 0.500000 0.500000 0.000000 0.327815 -0.988180 -0.153297 0.251250;
0.296000 0.500000 0.500000 0.000000 0.335085 -0.993103 -0.117248 0.276333;
0.298000 0.500000 0.500000 0.000000 0.339400 -0.996609 -0.082281 0.302502;
0.300000 0.500000 0.500000 0.000000 0.340691 -0.998828 -0.048403 0.329764;
0.302000 0.500000 0.500000 0.000000 0.338905 -0.999878 -0.015623 0.358121;
0.304000 0.500000 0.500000 0.000000 0.333998 -0.999871 0.016044 0.387572;
0.306000 0.500000 0.500000 0.000000 0.325941 -0.998914 0.046581 0.418111;
0.308000 0.500000 0.500000 0.000000 0.314719 -0.997111 0.075963 0.449725;
0.310000 0.500000 0.500000 0.000000 0.300325 -0.994561 0.104159 0.482399;
0.312000 0.500000 0.500000 0.000000 0.282770 -0.991365 0.131128 0.516107;
0.314000 0.500000 0.500000 0.000000 0.262074 -0.987627 0.156821 0.550822;
0.316000 0.500000 0.500000 0.000000 0.238271 -0.983451 0.181177 0.586507;
0.318000 0.500000 0.500000 0.000000 0.211408 -0.978946 0.204119 0.623120;
0.320000 0.500000 0.500000 0.000000 0.181546 -0.974231 0.225554 0.660613;
0.322000 0.500000 0.500000 0.000000 0.148762 -0.969430 0.245367 0.698930;
0.324000 0.500000 0.500000 0.000000 0.113147 -0.964683 0.263412 0.738008;
0.326000 0.500000 0.500000 0.000000 0.074811 -0.960142 0.279512 0.777779;
0.328000 0.500000 0.500000 0.000000 0.033881 -0.955978 0.293440 0.818165;
0.330000 0.500000 0.500000 0.000000 -0.009492 -0.952381 0.304911 0.859084;
0.332000 0.500000 0.500000 0.000000 -0.055129 -0.949568 0.313561 0.900447;
0.334000 0.500000 0.500000 0.000000 -0.140311 -0.994961 0.100258 0.551048;
0.336000 0.500000 0.500000 0.000000 -0.173728 -0.996134 0.087842 0.593006;
0.338000 0.500000 0.500000 0.000000 -0.207461 -0.997526 0.070304 0.635106;
0.340000 0.500000 0.500000 0.000000 -0.241063 -0.998897 0.046957 0.677234;
0.342000 0.500000 0.500000 0.000000 -0.274010 -0.999854 0.017071 0.719274;
0.344000 0.500000 0.500000 0.000000 -0.305693 -0.999798 -0.020076 0.761107;
0.346000 0.500000 0.500000 0.000000 -0.335413 -0.997878 -0.065106 0.802608;
0.348000 0.500000 0.500000 0.000000 -0.362378 -0.992968 -0.118387 0.843653;
0.350000 0.500000 0.500000 0.000000 -0.385723 -0.983698 -0.179830 0.884114;
0.352000 0.500000 0.500000 0.000000 -0.404539 -0.968592 -0.248654 0.923862;
0.354000 0.500000 0.500000 0.000000 -0.417942 -0.946329 -0.323205 0.962769;
0.356000 0.500000 0.500000 0.000000 -0.425152 -0.916109 -0.400930 1.000000;
0.358000 0.500000 0.500000 0.000000 -0.425589 -0.878019 -0.478625 1.000000;
0.360000 0.500000 0.500000 0.000000 -0.418958 -0.833216 -0.552948 1.000000;
0.362000 0.500000 0.500000 0.000000 -0.405279 -0.783786 -0.621031 1.000000;
0.364000 0.500000 0.500000 0.000000 -0.384878 -0.732325 -0.680956 1.000000;
0.366000 0.500000 0.500000 0.000000 -0.358319 -0.681409 -0.731903 1.000000;
0.368000 0.500000 0.500000 0.000000 -0.326318 -0.633174 -0.774009 1.000000;
0.370000 0.500000 0.500000 0.000000 -0.289655 -0.589118 -0.808047 1.000000;
0.372000 0.500000 0.500000 0.000000 -0.249113 -0.550094 -0.835103 1.000000;
0.374000 0.500000 0.500000 0.000000 -0.205431 -0.516431 -0.856329 1.000000;
0.376000 0.500000 0.500000 0.000000 -0.159285 -0.488085 -0.872796 1.000000;
0.378000 0.500000 0.500000 0.000000 -0.111282 -0.464780 -0.885426 1.000000;
0.380000 0.500000 0.500000 0.000000 -0.061958 -0.446118 -0.894974 1.000000;
0.382000 0.500000 0.500000 0.000000 -0.011788 -0.431647 -0.902043 1.000000;
0.384000 0.500000 0.500000 0.000000 0.038808 -0.420912 -0.907101 1.000000;
0.386000 0.500000 0.500000 0.000000 0.089458 -0.413480 -0.910513 1.000000;
0.388000 0.500000 0.500000 0.000000 0.139829 -0.408951 -0.912556 1.000000;
0.390000 0.500000 0.500000 0.000000 0.189620 -0.406965 -0.913444 1.000000;
0.392000 0.500000 0.500000 0.000000 0.238562 -0.407201 -0.913339 1.000000;
0.394000 0.500000 0.500000 0.000000 0.286407 -0.409375 -0.912366 1.000000;
0.396000 0.500000 0.500000 0.000000 0.332930 -0.413239 -0.910623 1.000000;
0.398000 0.500000 0.500000 0.000000 0.377923 -0.418571 -0.908184 1.000000;
0.400000 0.500000 0.500000 0.000000 0.421196 -0.425179 -0.905109 1.000000;
0.402000 0.500000 0.500000 0.000000 0.462570 -0.432894 -0.901445 1.000000;
0.404000 0.500000 0.500000 0.000000 0.501882 -0.441564 -0.897230 1.000000;
0.406000 0.500000 0.500000 0.000000 0.538980 -0.451056 -0.892495 1.000000;
0.408000 0.500000 0.500000 0.000000 0.573724 -0.461253 -0.887269 1.000000;
0.410000 0.500000 0.500000 0.000000 0.605983 -0.472047 -0.881573 1.000000;
0.412000 0.500000 0.500000 0.000000 0.635639 -0.483345 -0.875430 1.000000;
0.414000 0.500000 0.500000 0.000000 0.662581 -0.495060 -0.868859 1.000000;
0.416000 0.500000 0.500000 0.000000 0.686709 -0.507116 -0.861878 1.000000;
0.418000 0.500000 0.500000 0.000000 0.707932 -0.519441 -0.854506 1.000000;
0.420000 0.500000 0.500000 0.000000 0.726170 -0.531972 -0.846762 1.000000;
0.422000 0.500000 0.500000 0.000000 0.741348 -0.544650 -0.838664 1.000000;
0.424000 0.500000 0.500000 0.000000 0.753406 -0.557419 -0.830232 1.000000;
0.426000 0.500000 0.500000 0.000000 0.762287 -0.570228 -0.821486 1.000000;
0.428000 0.500000 0.500000 0.000000 0.767948 -0.583032 -0.812449 1.000000;
0.430000 0.500000 0.500000 0.000000 0.770352 -0.595784 -0.803144 1.000000;
0.432000 0.500000 0.500000 0.000000 0.769472 -0.608444 -0.793597 1.000000;
0.434000 0.500000 0.500000 0.000000 0.765290 -0.620970 -0.783835 1.000000;
0.436000 0.500000 0.500000 0.000000 0.757799 -0.633324 -0.773887 1.000000;
0.438000 0.500000 0.500000 0.000000 0.746997 -0.645469 -0.763786 1.000000;
0.440000 0.500000 0.500000 0.000000 0.732895 -0.657368 -0.753570 1.000000;
0.442000 0.500000 0.500000 0.000000 0.715511 -0.668986 -0.743275 0.986143;
0.444000 0.500000 0.500000 0.000000 0.694873 -0.680285 -0.732948 0.960229;
0.446000 0.500000 0.500000 0.000000 0.671019 -0.691230 -0.722635 0.934530;
0.448000 0.500000 0.500000 0.000000 0.643994 -0.701782 -0.712392 0.909131;
0.450000 0.500000 0.500000 0.000000 0.613857 -0.711902 -0.702278 0.884114;
0.452000 0.500000 0.500000 0.000000 0.580671 -0.721549 -0.692363 0.859557;
0.454000 0.500000 0.500000 0.000000 0.544514 -0.730676 -0.682725 0.835534;
0.456000 0.500000 0.500000 0.000000 0.505471 -0.739233 -0.673450 0.812112;
0.458000 0.500000 0.500000 0.000000 0.463640 -0.747162 -0.664641 0.789356;
0.460000 0.500000 0.500000 0.000000 0.419127 -0.754400 -0.656415 0.767324;
0.462000 0.500000 0.500000 0.000000 0.372054 -0.760868 -0.648907 0.746073;
0.464000 0.500000 0.500000 0.000000 0.322554 -0.766475 -0.642275 0.725652;
0.466000 0.500000 0.500000 0.000000 0.270773 -0.771108 -0.636704 0.706109;
0.468000 0.500000 0.500000 0.000000 0.216876 -0.774629 -0.632416 0.687487;
0.470000 0.500000 0.500000 0.000000 0.161046 -0.776862 -0.629671 0.669824;
0.472000 0.500000 0.500000 0.000000 0.103489 -0.777581 -0.628783 0.653156;
0.474000 0.500000 0.500000 0.000000 0.044436 -0.776491 -0.630129 0.637515;
0.476000 0.500000 0.500000 0.000000 -0.015842 -0.773201 -0.634161 0.622929;
0.478000 0.500000 0.500000 0.000000 -0.077034 -0.767184 -0.641427 0.609425;
0.480000 0.500000 0.500000 0.000000 -0.138768 -0.757720 -0.652580 0.597026;
0.482000 0.500000 0.500000 0.000000 -0.200590 -0.743810 -0.668391 0.585751;
0.484000 0.500000 0.500000 0.000000 -0.261941 -0.724060 -0.689737 0.575619;
0.486000 0.500000 0.500000 0.000000 -0.322107 -0.696512 -0.717545 0.566644;
0.488000 0.500000 0.500000 0.000000 -0.380164 -0.658439 -0.752634 0.558841;
0.490000 0.500000 0.500000 0.000000 -0.434900 -0.606135 -0.795362 0.552220;
0.492000 0.500000 0.500000 0.000000 -0.484725 -0.534891 -0.844921 0.546790;
0.494000 0.500000 0.500000 0.000000 -0.527598 -0.439555 -0.898216 0.542560;
0.496000 0.500000 0.500000 0.000000 -0.561071 -0.316400 -0.948626 0.539534;
0.498000 0.500000 0.500000 0.000000 -0.582564 -0.166667 -0.986013 0.537717;
0.500000 0.500000 0.500000 0.000000 -0.390000 -0.000000 -1.000000 0.293111;
0.502000 0.500000 0.500000 0.000000 -0.386545 0.088853 -0.996045 0.293717;
0.504000 0.500000 0.500000 0.000000 -0.376321 0.174500 -0.984657 0.295534;
0.506000 0.500000 0.500000 0.000000 -0.359735 0.254258 -0.967137 0.298560;
0.508000 0.500000 0.500000 0.000000 -0.337393 0.326299 -0.945267 0.302790;
0.510000 0.500000 0.500000 0.000000 -0.310030 0.389730 -0.920929 0.308220;
0.512000 0.500000 0.500000 0.000000 -0.278425 0.444446 -0.895806 0.314841;
0.514000 0.500000 0.500000 0.000000 -0.243353 0.490898 -0.871217 0.322644;
0.516000 0.500000 0.500000 0.000000 -0.205541 0.529851 -0.848091 0.331619;
0.518000 0.500000 0.500000 0.000000 -0.165649 0.562198 -0.827003 0.341751;
0.520000 0.500000 0.500000 0.000000 -0.124264 0.588834 -0.808254 0.353026;
0.522000 0.500000 0.500000 0.000000 -0.081904 0.610592 -0.791945 0.365425;
0.524000 0.500000 0.500000 0.000000 -0.039020 0.628207 -0.778046 0.378929;
0.526000 0.500000 0.500000 0.000000 0.003993 0.642311 -0.766444 0.393515;
0.528000 0.500000 0.500000 0.000000 0.046793 0.653438 -0.756980 0.409156;
0.530000 0.500000 0.500000 0.000000 0.089077 0.662035 -0.749473 0.425824;
0.532000 0.500000 0.500000 0.000000 0.130581 0.668472 -0.743737 0.443487;
0.534000 0.500000 0.500000 0.000000 0.171070 0.673059 -0.739589 0.462109;
0.536000 0.500000 0.500000 0.000000 0.210339 0.676051 -0.736855 0.481652;
0.538000 0.500000 0.500000 0.000000 0.248202 0.677663 -0.735373 0.502073;
0.540000 0.500000 0.500000 0.000000 0.284495 0.678075 -0.734993 0.523324;
0.542000 0.500000 0.500000 0.000000 0.319074 0.677439 -0.735579 0.545356;
0.544000 0.500000 0.500000 0.000000 0.351806 0.675886 -0.737006 0.568112;
0.546000 0.500000 0.500000 0.000000 0.382577 0.673526 -0.739163 0.591534;
0.548000 0.500000 0.500000 0.000000 0.411284 0.670457 -0.741948 0.615557;
0.550000 0.500000 0.500000 0.000000 0.437835 0.666764 -0.745269 0.640114;
0.552000 0.500000 0.500000 0.000000 0.462152 0.662524 -0.749041 0.665131;
0.554000 0.500000 0.500000 0.000000 0.484167 0.657803 -0.753190 0.690530;
0.556000 0.500000 0.500000 0.000000 0.503821 0.652665 -0.757647 0.716229;
0.558000 0.500000 0.500000 0.000000 0.521067 0.647167 -0.762348 0.742143;
0.560000 0.500000 0.500000 0.000000 0.535864 0.641364 -0.767237 0.768179;
0.562000 0.500000 0.500000 0.000000 0.548184 0.635306 -0.772261 0.794244;
0.564000 0.500000 0.500000 0.000000 0.558007 0.629043 -0.777370 0.820238;
0.566000 0.500000 0.500000 0.000000 0.565321 0.622624 -0.782521 0.846060;
0.568000 0.500000 0.500000 0.000000 0.570123 0.616095 -0.787672 0.871603;
0.570000 0.500000 0.500000 0.000000 0.572420 0.609505 -0.792782 0.896759;
0.572000 0.500000 0.500000 0.000000 0.572225 0.602900 -0.797816 0.921417;
0.574000 0.500000 0.500000 0.000000 0.569561 0.596331 -0.802739 0.945464;
0.576000 0.500000 0.500000 0.000000 0.564461 0.589846 -0.807516 0.968786;
0.578000 0.500000 0.500000 0.000000 0.556964 0.583496 -0.812116 0.991269;
0.580000 0.500000 0.500000 0.000000 0.547118 0.577337 -0.816506 1.000000;
0.582000 0.500000 0.500000 0.000000 0.534980 0.571422 -0.820656 1.000000;
0.584000 0.500000 0.500000 0.000000 0.520616 0.565812 -0.824534 1.000000;
0.586000 0.500000 0.500000 0.000000 0.504100 0.560568 -0.828108 1.000000;
0.588000 0.500000 0.500000 0.000000 0.485513 0.555756 -0.831346 1.000000;
0.590000 0.500000 0.500000 0.000000 0.464947 0.551445 -0.834211 1.000000;
0.592000 0.500000 0.500000 0.000000 0.442503 0.547710 -0.836668 1.000000;
0.594000 0.500000 0.500000 0.000000 0.418289 0.544629 -0.838677 1.000000;
0.596000 0.500000 0.500000 0.000000 0.392424 0.542287 -0.840194 1.000000;
0.598000 0.500000 0.500000 0.000000 0.365036 0.540771 -0.841170 1.000000;
0.600000 0.500000 0.500000 0.000000 0.336264 0.540178 -0.841551 1.000000;
0.602000 0.500000 0.500000 0.000000 0.306254 0.540607 -0.841275 1.000000;
0.604000 0.500000 0.500000 0.000000 0.275167 0.542163 -0.840274 1.000000;
0.606000 0.500000 0.500000 0.000000 0.243173 0.544955 -0.838465 1.000000;
0.608000 0.500000 0.500000 0.000000 0.210452 0.549098 -0.835758 1.000000;
0.610000 0.500000 0.500000 0.000000 0.177200 0.554705 -0.832047 1.000000;
0.612000 0.500000 0.500000 0.000000 0.143623 0.561892 -0.827211 1.000000;
0.614000 0.500000 0.500000 0.000000 0.109940 0.570767 -0.821112 1.000000;
0.616000 0.500000 0.500000 0.000000 0.076385 0.581432 -0.813595 1.000000;
0.618000 0.500000 0.500000 0.000000 0.043203 0.593973 -0.804485 1.000000;
0.620000 0.500000 0.500000 0.000000 0.010656 0.608451 -0.793591 1.000000;
0.622000 0.500000 0.500000 0.000000 -0.020987 0.624896 -0.780708 1.000000;
0.624000 0.500000 0.500000 0.000000 -0.051444 0.643292 -0.765621 1.000000;
0.626000 0.500000 0.500000 0.000000 -0.080425 0.663565 -0.748118 1.000000;
0.628000 0.500000 0.500000 0.000000 -0.107639 0.685576 -0.728001 1.000000;
0.630000 0.500000 0.500000 0.000000 -0.132799 0.709103 -0.705105 0.984975;
0.632000 0.500000 0.500000 0.000000 -0.155625 0.733838 -0.679324 0.957147;
0.634000 0.500000 0.500000 0.000000 -0.175861 0.759392 -0.650633 0.927552;
0.636000 0.500000 0.500000 0.000000 -0.193280 0.785300 -0.619115 0.896287;
0.638000 0.500000 0.500000 0.000000 -0.207700 0.811046 -0.584982 0.863457;
0.640000 0.500000 0.500000 0.000000 -0.218989 0.836094 -0.548585 0.829172;
0.642000 0.500000 0.500000 0.000000 -0.227080 0.859930 -0.510413 0.793548;
0.644000 0.500000 0.500000 0.000000 -0.231974 0.882098 -0.471066 0.756706;
0.646000 0.500000 0.500000 0.000000 -0.233745 0.902243 -0.431229 0.718769;
0.648000 0.500000 0.500000 0.000000 -0.232532 0.920129 -0.391615 0.679862;
0.650000 0.500000 0.500000 0.000000 -0.228537 0.935652 -0.352925 0.640114;
0.652000 0.500000 0.500000 0.000000 -0.222016 0.948827 -0.315797 0.599653;
0.654000 0.500000 0.500000 0.000000 -0.213260 0.959774 -0.280773 0.558608;
0.656000 0.500000 0.500000 0.000000 -0.202589 0.968687 -0.248285 0.517107;
0.658000 0.500000 0.500000 0.000000 -0.190337 0.975805 -0.218642 0.475274;
0.660000 0.500000 0.500000 0.000000 -0.176841 0.981387 -0.192040 0.433234;
0.662000 0.500000 0.500000 0.000000 -0.162431 0.985689 -0.168577 0.391106;
0.664000 0.500000 0.500000 0.000000 -0.147427 0.988947 -0.148267 0.349006;
0.666000 0.500000 0.500000 0.000000 -0.132131 0.991374 -0.131064 0.307048;
0.668000 0.500000 0.500000 0.000000 -0.078650 0.940545 -0.339670 0.113225;
0.670000 0.500000 0.500000 0.000000 -0.081627 0.943939 -0.330120 0.071862;
0.672000 0.500000 0.500000 0.000000 -0.084834 0.946871 -0.321614 0.030942;
0.674000 0.500000 0.500000 0.000000 -0.088368 0.949364 -0.314178 -0.009444;
0.676000 0.500000 0.500000 0.000000 -0.092322 0.951441 -0.307831 -0.049214;
0.678000 0.500000 0.500000 0.000000 -0.096784 0.953123 -0.302582 -0.088292;
0.680000 0.500000 0.500000 0.000000 -0.101841 0.954429 -0.298437 -0.126609;
0.682000 0.500000 0.500000 0.000000 -0.107573 0.955375 -0.295397 -0.164102;
0.684000 0.500000 0.500000 0.000000 -0.114053 0.955972 -0.293458 -0.200715;
0.686000 0.500000 0.500000 0.000000 -0.121351 0.956231 -0.292613 -0.236401;
0.688000 0.500000 0.500000 0.000000 -0.129530 0.956157 -0.292855 -0.271115;
0.690000 0.500000 0.500000 0.000000 -0.138647 0.955752 -0.294175 -0.304824;
0.692000 0.500000 0.500000 0.000000 -0.148752 0.955013 -0.296563 -0.337497;
0.694000 0.500000 0.500000 0.000000 -0.159890 0.953935 -0.300013 -0.369111;
0.696000 0.500000 0.500000 0.000000 -0.172097 0.952507 -0.304517 -0.399650;
0.698000 0.500000 0.500000 0.000000 -0.185407 0.950713 -0.310073 -0.429102;
0.700000 0.500000 0.500000 0.000000 -0.199842 0.948532 -0.316680 -0.457459;
0.702000 0.500000 0.500000 0.000000 -0.215423 0.945940 -0.324343 -0.484720;
0.704000 0.500000 0.500000 0.000000 -0.232160 0.942902 -0.333070 -0.510889;
0.706000 0.500000 0.500000 0.000000 -0.250060 0.939380 -0.342879 -0.535973;
0.708000 0.500000 0.500000 0.000000 -0.269121 0.935324 -0.353792 -0.559981;
0.710000 0.500000 0.500000 0.000000 -0.289336 0.930676 -0.365844 -0.582930;
0.712000 0.500000 0.500000 0.000000 -0.310691 0.925365 -0.379077 -0.604837;
0.714000 0.500000 0.500000 0.000000 -0.333165 0.919304 -0.393549 -0.625722;
0.716000 0.500000 0.500000 0.000000 -0.356731 0.912386 -0.409332 -0.645608;
0.718000 0.500000 0.500000 0.000000 -0.381353 0.904479 -0.426518 -0.664520;
0.720000 0.500000 0.500000 0.000000 -0.406990 0.895420 -0.445222 -0.682485;
0.722000 0.500000 0.500000 0.000000 -0.433588 0.885002 -0.465587 -0.699531;
0.724000 0.500000 0.500000 0.000000 -0.461087 0.872963 -0.487787 -0.715688;
0.726000 0.500000 0.500000 0.000000 -0.489414 0.858962 -0.512040 -0.730986;
0.728000 0.500000 0.500000 0.000000 -0.518483 0.842555 -0.538611 -0.745456;
0.730000 0.500000 0.500000 0.000000 -0.548190 0.823152 -0.567822 -0.759129;
0.732000 0.500000 0.500000 0.000000 -0.578408 0.799957 -0.600058 -0.772039;
0.734000 0.500000 0.500000 0.000000 -0.608982 0.771878 -0.635770 -0.784216;
0.736000 0.500000 0.500000 0.000000 -0.639714 0.737400 -0.675456 -0.795693;
0.738000 0.500000 0.500000 0.000000 -0.670347 0.694385 -0.719604 -0.806501;
0.740000 0.500000 0.500000 0.000000 -0.700537 0.639798 -0.768543 -0.816671;
0.742000 0.500000 0.500000 0.000000 -0.729814 0.569345 -0.822099 -0.826233;
0.744000 0.500000 0.500000 0.000000 -0.757515 0.477124 -0.878836 -0.835219;
0.746000 0.500000 0.500000 0.000000 -0.782704 0.355667 -0.934613 -0.843656;
0.748000 0.500000 0.500000 0.000000 -0.804087 0.197480 -0.980307 -0.851574;
0.750000 0.500000 0.500000 0.000000 -0.820000 0.000000 -1.000000 -0.859000;
0.752000 0.500000 0.500000 0.000000 -0.828652 -0.225792 -0.974176 -0.851574;
0.754000 0.500000 0.500000 0.000000 -0.828743 -0.451279 -0.892383 -0.843656;
0.756000 0.500000 0.500000 0.000000 -0.820129 -0.643214 -0.765686 -0.835219;
0.758000 0.500000 0.500000 0.000000 -0.803894 -0.784418 -0.620232 -0.826233;
0.760000 0.500000 0.500000 0.000000 -0.781726 -0.877775 -0.479073 -0.816671;
0.762000 0.500000 0.500000 0.000000 -0.755272 -0.935350 -0.353724 -0.806501;
0.764000 0.500000 0.500000 0.000000 -0.725846 -0.969072 -0.246777 -0.795693;
0.766000 0.500000 0.500000 0.000000 -0.694408 -0.987653 -0.156661 -0.784216;
0.768000 0.500000 0.500000 0.000000 -0.661644 -0.996748 -0.080586 -0.772039;
0.770000 0.500000 0.500000 0.000000 -0.628045 -0.999875 -0.015811 -0.759129;
0.772000 0.500000 0.500000 0.000000 -0.593971 -0.999201 0.039973 -0.745456;
0.774000 0.500000 0.500000 0.000000 -0.559695 -0.996067 0.088600 -0.730986;
0.776000 0.500000 0.500000 0.000000 -0.525429 -0.991318 0.131486 -0.715688;
0.778000 0.500000 0.500000 0.000000 -0.491344 -0.985491 0.169726 -0.699531;
0.780000 0.500000 0.500000 0.000000 -0.457582 -0.978937 0.204162 -0.682485;
0.782000 0.500000 0.500000 0.000000 -0.424262 -0.971887 0.235447 -0.664520;
0.784000 0.500000 0.500000 0.000000 -0.391487 -0.964497 0.264092 -0.645608;
0.786000 0.500000 0.500000 0.000000 -0.359348 -0.956875 0.290500 -0.625722;
0.788000 0.500000 0.500000 0.000000 -0.327925 -0.949095 0.314990 -0.604837;
0.790000 0.500000 0.500000 0.000000 -0.297290 -0.941212 0.337817 -0.582930;
0.792000 0.500000 0.500000 0.000000 -0.267508 -0.933265 0.359189 -0.559981;
0.794000 0.500000 0.500000 0.000000 -0.238636 -0.925285 0.379273 -0.535973;
0.796000 0.500000 0.500000 0.000000 -0.210726 -0.917296 0.398206 -0.510889;
0.798000 0.500000 0.500000 0.000000 -0.183825 -0.909318 0.416101 -0.484720;
0.800000 0.500000 0.500000 0.000000 -0.157975 -0.901369 0.433051 -0.457459;
0.802000 0.500000 0.500000 0.000000 -0.133212 -0.893464 0.449134 -0.429102;
0.804000 0.500000 0.500000 0.000000 -0.109568 -0.885618 0.464413 -0.399650;
0.806000 0.500000 0.500000 0.000000 -0.087071 -0.877845 0.478944 -0.369111;
0.808000 0.500000 0.500000 0.000000 -0.065742 -0.870159 0.492771 -0.337497;
0.810000 0.500000 0.500000 0.000000 -0.045601 -0.862574 0.505932 -0.304824;
0.812000 0.500000 0.500000 0.000000 -0.026660 -0.855103 0.518459 -0.271115;
0.814000 0.500000 0.500000 0.000000 -0.008929 -0.847761 0.530379 -0.236401;
0.816000 0.500000 0.500000 0.000000 0.007588 -0.840563 0.541714 -0.200715;
0.818000 0.500000 0.500000 0.000000 0.022890 -0.833523 0.552484 -0.164102;
0.820000 0.500000 0.500000 0.000000 0.036981 -0.826658 0.562705 -0.126609;
0.822000 0.500000 0.500000 0.000000 0.049872 -0.819982 0.572389 -0.088292;
0.824000 0.500000 0.500000 0.000000 0.061573 -0.813512 0.581548 -0.049214;
0.826000 0.500000 0.500000 0.000000 0.072103 -0.807264 0.590190 -0.009444;
0.828000 0.500000 0.500000 0.000000 0.081484 -0.801254 0.598324 0.030942;
0.830000 0.500000 0.500000 0.000000 0.089741 -0.795499 0.605955 0.071862;
0.832000 0.500000 0.500000 0.000000 0.096905 -0.790014 0.613089 0.113225;
0.834000 0.500000 0.500000 0.000000 0.005413 -0.865498 0.500912 0.125048;
0.836000 0.500000 0.500000 0.000000 0.021316 -0.863877 0.503703 0.167006;
0.838000 0.500000 0.500000 0.000000 0.036707 -0.862193 0.506580 0.209106;
0.840000 0.500000 0.500000 0.000000 0.051581 -0.860445 0.509544 0.251234;
0.842000 0.500000 0.500000 0.000000 0.065933 -0.858629 0.512597 0.293274;
0.844000 0.500000 0.500000 0.000000 0.079758 -0.856745 0.515741 0.335107;
0.846000 0.500000 0.500000 0.000000 0.093053 -0.854788 0.518977 0.376608;
0.848000 0.500000 0.500000 0.000000 0.105813 -0.852758 0.522306 0.417653;
0.850000 0.500000 0.500000 0.000000 0.118034 -0.850651 0.525731 0.458114;
0.852000 0.500000 0.500000 0.000000 0.129714 -0.848464 0.529253 0.497862;
0.854000 0.500000 0.500000 0.000000 0.140851 -0.846194 0.532874 0.536769;
0.856000 0.500000 0.500000 0.000000 0.151442 -0.843839 0.536596 0.574706;
0.858000 0.500000 0.500000 0.000000 0.161486 -0.841395 0.540421 0.611548;
0.860000 0.500000 0.500000 0.000000 0.170981 -0.838858 0.544350 0.647172;
0.862000 0.500000 0.500000 0.000000 0.179928 -0.836225 0.548386 0.681457;
0.864000 0.500000 0.500000 0.000000 0.188326 -0.833493 0.552530 0.714287;
0.866000 0.500000 0.500000 0.000000 0.196175 -0.830657 0.556785 0.745552;
0.868000 0.500000 0.500000 0.000000 0.203477 -0.827713 0.561151 0.775147;
0.870000 0.500000 0.500000 0.000000 0.210232 -0.824657 0.565633 0.802975;
0.872000 0.500000 0.500000 0.000000 0.216443 -0.821485 0.570231 0.828946;
0.874000 0.500000 0.500000 0.000000 0.222113 -0.818191 0.574947 0.852977;
0.876000 0.500000 0.500000 0.000000 0.227243 -0.814770 0.579784 0.874996;
0.878000 0.500000 0.500000 0.000000 0.231838 -0.811218 0.584743 0.894940;
0.880000 0.500000 0.500000 0.000000 0.235902 -0.807529 0.589827 0.912754;
0.882000 0.500000 0.500000 0.000000 0.239438 -0.803697 0.595038 0.928395;
0.884000 0.500000 0.500000 0.000000 0.242454 -0.799717 0.600377 0.941831;
0.886000 0.500000 0.500000 0.000000 0.244953 -0.795581 0.605847 0.953039;
0.888000 0.500000 0.500000 0.000000 0.246943 -0.791284 0.611449 0.962008;
0.890000 0.500000 0.500000 0.000000 0.248431 -0.786818 0.617185 0.968739;
0.892000 0.500000 0.500000 0.000000 0.249422 -0.782176 0.623058 0.973240;
0.894000 0.500000 0.500000 0.000000 0.249927 -0.777351 0.629067 0.975534;
0.896000 0.500000 0.500000 0.000000 0.249953 -0.772334 0.635216 0.975652;
0.898000 0.500000 0.500000 0.000000 0.249509 -0.767119 0.641505 0.973635;
0.900000 0.500000 0.500000 0.000000 0.248606 -0.761695 0.647936 0.969534;
0.902000 0.500000 0.500000 0.000000 0.247253 -0.756054 0.654510 0.963409;
0.904000 0.500000 0.500000 0.000000 0.245462 -0.750186 0.661226 0.955329;
0.906000 0.500000 0.500000 0.000000 0.243245 -0.744083 0.668087 0.945370;
0.908000 0.500000 0.500000 0.000000 0.240613 -0.737733 0.675092 0.933615;
0.910000 0.500000 0.500000 0.000000 0.237579 -0.731127 0.682242 0.920156;
0.912000 0.500000 0.500000 0.000000 0.234157 -0.724252 0.689535 0.905087;
0.914000 0.500000 0.500000 0.000000 0.230362 -0.717099 0.696971 0.888509;
0.916000 0.500000 0.500000 0.000000 0.226207 -0.709655 0.704549 0.870529;
0.918000 0.500000 0.500000 0.000000 0.221709 -0.701908 0.712268 0.851254;
0.920000 0.500000 0.500000 0.000000 0.216883 -0.693845 0.720124 0.830796;
0.922000 0.500000 0.500000 0.000000 0.211746 -0.685454 0.728116 0.809269;
0.924000 0.500000 0.500000 0.000000 0.206315 -0.676721 0.736239 0.786786;
0.926000 0.500000 0.500000 0.000000 0.200609 -0.667634 0.744490 0.763464;
0.928000 0.500000 0.500000 0.000000 0.194646 -0.658177 0.752863 0.739417;
0.930000 0.500000 0.500000 0.000000 0.188445 -0.648337 0.761353 0.714759;
0.932000 0.500000 0.500000 0.000000 0.182027 -0.638100 0.769954 0.689603;
0.934000 0.500000 0.500000 0.000000 0.175411 -0.627451 0.778656 0.664060;
0.936000 0.500000 0.500000 0.000000 0.168620 -0.616376 0.787452 0.638238;
0.938000 0.500000 0.500000 0.000000 0.161673 -0.604860 0.796332 0.612244;
0.940000 0.500000 0.500000 0.000000 0.154595 -0.592889 0.805284 0.586179;
0.942000 0.500000 0.500000 0.000000 0.147407 -0.580450 0.814296 0.560143;
0.944000 0.500000 0.500000 0.000000 0.140133 -0.567527 0.823355 0.534229;
0.946000 0.500000 0.500000 0.000000 0.132796 -0.554108 0.832445 0.508530;
0.948000 0.500000 0.500000 0.000000 0.125422 -0.540180 0.841550 0.483131;
0.950000 0.500000 0.500000 0.000000 0.118034 -0.525731 0.850651 0.458114;
0.952000 0.500000 0.500000 0.000000 0.110658 -0.510751 0.859729 0.433557;
0.954000 0.500000 0.500000 0.000000 0.103318 -0.495228 0.868763 0.409534;
0.956000 0.500000 0.500000 0.000000 0.096041 -0.479156 0.877730 0.386112;
0.958000 0.500000 0.500000 0.000000 0.088852 -0.462527 0.886605 0.363356;
0.960000 0.500000 0.500000 0.000000 0.081776 -0.445336 0.895364 0.341324;
0.962000 0.500000 0.500000 0.000000 0.074840 -0.427580 0.903978 0.320073;
0.964000 0.500000 0.500000 0.000000 0.068070 -0.409258 0.912419 0.299652;
0.966000 0.500000 0.500000 0.000000 0.061490 -0.390372 0.920657 0.280109;
0.968000 0.500000 0.500000 0.000000 0.055125 -0.370926 0.928662 0.261487;
0.970000 0.500000 0.500000 0.000000 0.049001 -0.350929 0.936402 0.243824;
0.972000 0.500000 0.500000 0.000000 0.043142 -0.330389 0.943845 0.227156;
0.974000 0.500000 0.500000 0.000000 0.037571 -0.309322 0.950957 0.211515;
0.976000 0.500000 0.500000 0.000000 0.032311 -0.287744 0.957707 0.196929;
0.978000 0.500000 0.500000 0.000000 0.027383 -0.265677 0.964062 0.183425;
0.980000 0.500000 0.500000 0.000000 0.022809 -0.243144 0.969990 0.171026;
0.982000 0.500000 0.500000 0.000000 0.018607 -0.220174 0.975461 0.159751;
0.984000 0.500000 0.500000 0.000000 0.014796 -0.196798 0.980444 0.149619;
0.986000 0.500000 0.500000 0.000000 0.011393 -0.173052 0.984913 0.140644;
0.988000 0.500000 0.500000 0.000000 0.008411 -0.148973 0.988841 0.132841;
0.990000 0.500000 0.500000 0.000000 0.005866 -0.124602 0.992207 0.126220;
0.992000 0.500000 0.500000 0.000000 0.003767 -0.099985 0.994989 0.120790;
0.994000 0.500000 0.500000 0.000000 0.002125 -0.075167 0.997171 0.116560;
0.996000 0.500000 0.500000 0.000000 0.000946 -0.050197 0.998739 0.113534;
0.998000 0.500000 0.500000 0.000000 0.000237 -0.025124 0.999684 0.111717;
1.000000 0.500000 0.500000 0.000000 0.000000 -0.000000 1.000000 0.111111;
